"","Result.ppCode","Result.parkCapacity","Result.remarks","long","lat","FirstHourPrice1","SubHalfHourPrice1","EntryPrice1","FirstHourPrice2","SubHalfHourPrice2","EntryPrice2","FirstHourPrice3","SubHalfHourPrice3","EntryPrice3","FirstHourPrice4","SubHalfHourPrice4","EntryPrice4"
"1","A0004",69,NA,103.860841193303,1.3026422199372,1.2,0.6,NA,1.2,0.6,NA,1.2,0.6,NA,1.2,0.6,NA
"2","A0005",16,NA,103.859134042612,1.31049726379372,1.2,0.6,NA,1.2,0.6,NA,1.2,0.6,NA,1.2,0.6,NA
"3","A0006",81,NA,103.847231053752,1.2811858670983,2.4,1.2,NA,2.4,1.2,NA,2.4,1.2,NA,1.2,0.6,NA
"4","A0007",268,NA,103.829570695145,1.30532803132228,2.6,1.3,NA,2.6,1.3,NA,2.6,1.3,NA,1.4,0.7,NA
"5","A0008",26,"No Parking on Friday & Saturday (including public holidays) from 7.00pm to 2.00am",103.845853102326,1.28088138452775,2.4,1.2,NA,2.4,1.2,NA,2.4,1.2,NA,1.2,0.6,NA
"6","A0010",88,NA,103.858208452898,1.3022599571414,1.2,0.6,NA,1.2,0.6,NA,1.2,0.6,NA,1.2,0.6,NA
"7","A0011",45,NA,103.848866061879,1.2939260442331,2.4,1.2,NA,2.4,1.2,NA,2.4,1.2,NA,1.2,0.6,NA
"8","A0017",148,NA,103.857025273116,1.30294184422622,1.2,0.6,NA,1.2,0.6,NA,1.2,0.6,NA,1.2,0.6,NA
"9","A0021",16,NA,103.847177342397,1.28079042298081,3,1.5,NA,3,1.5,NA,2.4,1.2,NA,1.2,0.6,NA
"10","A0024",64,NA,103.813899056257,1.3241651253008,1.2,0.6,NA,1.2,0.6,NA,1.2,0.6,NA,1.2,0.6,NA
"11","A0025",12,NA,103.814120902239,1.32447746291247,1.2,0.6,NA,1.2,0.6,NA,1.2,0.6,NA,1.2,0.6,NA
"12","A0028",19,NA,103.879648385243,1.3254396878539,1.2,0.6,NA,1.2,0.6,NA,1.2,0.6,NA,0,0,NA
"13","A0034",12,NA,103.794700235522,1.3306594562882,1.2,0.6,NA,1.2,0.6,NA,1.2,0.6,NA,0,0,NA
"14","A0035",50,NA,103.836893016545,1.31029635016548,1.2,0.6,NA,1.2,0.6,NA,1.2,0.6,NA,1.2,0.6,NA
"15","A0036",15,"Parking charge between 10.30pm & 7am is capped at $5.",103.845144772815,1.38695769002203,1.2,0.6,NA,1.2,0.6,NA,1.2,0.6,NA,1.2,0.6,NA
"16","A0037",11,"Parking charge between 10.30pm & 7am is capped at $5.",103.849233473681,1.3877063256836,1.2,0.6,NA,1.2,0.6,NA,1.2,0.6,NA,1.2,0.6,NA
"17","A0043",21,"Reserved for Season Ticket Holders from 7.00 pm to 7.00 am daily.",103.788885538278,1.2934003205032,1.2,0.6,NA,1.2,0.6,NA,1.2,0.6,NA,1.2,0.6,NA
"18","A0046",13,NA,103.88178819343,1.3138928367746,1.2,0.6,NA,1.2,0.6,NA,1.2,0.6,NA,1.2,0.6,NA
"19","A0048",43,"Parking charge between 10.30pm & 7am is capped at $5.",103.848247404083,1.38570957483206,1.2,0.6,NA,1.2,0.6,NA,1.2,0.6,NA,1.2,0.6,NA
"20","A0054",62,"Parking charge between 10.30pm & 7am is capped at $5.",103.886181212626,1.39757665773424,1.2,0.6,NA,1.2,0.6,NA,1.2,0.6,NA,1.2,0.6,NA
"21","A0057",9,"Parking charge between 10.30pm & 7am is capped at $5.",103.884535682764,1.35498118123454,1.2,0.6,NA,1.2,0.6,NA,1.2,0.6,NA,1.2,0.6,NA
"22","B0001",11,NA,103.809337162514,1.32455588723473,1.2,0.6,NA,1.2,0.6,NA,1.2,0.6,NA,0,0,NA
"23","B0002",20,NA,103.859970167117,1.30134838011404,1.2,0.6,NA,1.2,0.6,NA,1.2,0.6,NA,1.2,0.6,NA
"24","B0005",29,NA,103.843899859535,1.28125569464845,2.4,1.2,NA,2.4,1.2,NA,2.4,1.2,NA,1.2,0.6,NA
"25","B0008",32,NA,103.858546472969,1.31393785449569,1.2,0.6,NA,1.2,0.6,NA,1.2,0.6,NA,1.2,0.6,NA
"26","B0011",14,NA,103.853925261501,1.31098260255421,1.2,0.6,NA,1.2,0.6,NA,1.2,0.6,NA,1.2,0.6,NA
"27","B0018",35,NA,103.840744372857,1.2789466667622,2.4,1.2,NA,2.4,1.2,NA,2.4,1.2,NA,1.2,0.6,NA
"28","B0020",13,NA,103.860044844657,1.30095265012892,1.2,0.6,NA,1.2,0.6,NA,1.2,0.6,NA,1.2,0.6,NA
"29","B0022",15,NA,103.860226245618,1.31210230137937,1.2,0.6,NA,1.2,0.6,NA,1.2,0.6,NA,1.2,0.6,NA
"30","B0023",41,"Parking charge between 10.30pm & 7am is capped at $5.",103.865577581201,1.32361702925922,1.2,0.6,NA,1.2,0.6,NA,1.2,0.6,NA,0,0,NA
"31","B0025",5,NA,103.858409417918,1.30115598176998,1.2,0.6,NA,1.2,0.6,NA,1.2,0.6,NA,1.2,0.6,NA
"32","B0028",5,NA,103.853195134681,1.32163702586813,1.2,0.6,NA,1.2,0.6,NA,1.2,0.6,NA,1.2,0.6,NA
"33","B0029",9,NA,103.849637643407,1.32467934981406,1.2,0.6,NA,1.2,0.6,NA,1.2,0.6,NA,1.2,0.6,NA
"34","B0031",17,NA,103.859605396937,1.31411103114623,1.2,0.6,NA,1.2,0.6,NA,1.2,0.6,NA,1.2,0.6,NA
"35","B0032",117,NA,103.776396346891,1.33908892958509,1.2,0.6,NA,1.2,0.6,NA,1.4,0.7,NA,1.4,0.7,NA
"36","B0033",6,NA,103.849523232445,1.32621583343613,1.2,0.6,NA,1.2,0.6,NA,1.2,0.6,NA,1.2,0.6,NA
"37","B0035",33,NA,103.851693857622,1.3074340720425,1.2,0.6,NA,1.2,0.6,NA,1.2,0.6,NA,1.2,0.6,NA
"38","B0042",14,NA,103.684358647759,1.31959532554813,1.2,0.6,NA,1.2,0.6,NA,1.2,0.6,NA,0,0,NA
"39","B0045",43,"Reserved for Season Ticket Holders from 10.00 pm to 7.00 am daily.",103.836183080998,1.27616136389286,2.4,1.2,NA,2.4,1.2,NA,2.4,1.2,NA,1.2,0.6,NA
"40","B0052",20,NA,103.843605762238,1.28118512463975,2.4,1.2,NA,2.4,1.2,NA,2.4,1.2,NA,1.2,0.6,NA
"41","B0063",106,NA,103.761481046407,1.3473952304979,1.2,0.6,NA,1.2,0.6,NA,1.2,0.6,NA,1.2,0.6,NA
"42","B0067",15,"Reserved for Season Ticket Holders from 10.00 pm to 8.30 am daily.",103.885581648652,1.33529332063842,1.2,0.6,NA,1.2,0.6,NA,1.2,0.6,NA,0,0,NA
"43","B0073",17,NA,103.848090540196,1.28140162111912,2.4,1.2,NA,2.4,1.2,NA,2.4,1.2,NA,1.2,0.6,NA
"44","B0084",15,NA,103.860494441872,1.30072062239727,1.2,0.6,NA,1.2,0.6,NA,1.2,0.6,NA,1.2,0.6,NA
"45","B0087",25,NA,103.860375199452,1.30130340714723,1.2,0.6,NA,1.2,0.6,NA,1.2,0.6,NA,1.2,0.6,NA
"46","B0088",105,"Per min charging. Parking charge between 10.30pm & 7am is capped at $5",103.955214517774,1.32088249425804,1.2,0.6,NA,1.2,0.6,NA,1.2,0.6,NA,1.2,0.6,NA
"47","B0090",48,NA,103.679431754205,1.30235199999498,1.2,0.6,NA,1.2,0.6,NA,1.2,0.6,NA,0,0,NA
"48","B0099",19,"Parking charge between 10.30pm & 7am is capped at $5.",103.861043546185,1.31422151167891,1.2,0.6,NA,1.2,0.6,NA,1.2,0.6,NA,1.2,0.6,NA
"49","B0100",11,NA,103.871118527573,1.36290645926047,1.2,0.6,NA,1.2,0.6,NA,1.2,0.6,NA,0,0,NA
"50","C0004",35,NA,103.847816044885,1.28812146887705,2.4,1.2,NA,2.4,1.2,NA,2.4,1.2,NA,1.2,0.6,NA
"51","C0009",13,NA,103.851202909272,1.30795505388599,1.2,0.6,NA,1.2,0.6,NA,1.2,0.6,NA,1.2,0.6,NA
"52","C0011",66,NA,103.775156854649,1.34364899223937,1.2,0.6,NA,1.2,0.6,NA,1.2,0.6,NA,1.2,0.6,NA
"53","C0018",35,NA,103.849133010426,1.28642570635113,2.4,1.2,NA,2.4,1.2,NA,2.4,1.2,NA,1.2,0.6,NA
"54","C0022",27,NA,103.847092631332,1.28272210980184,2.4,1.2,NA,2.4,1.2,NA,2.4,1.2,NA,1.2,0.6,NA
"55","C0028",40,NA,103.853014383844,1.30697299876524,1.2,0.6,NA,1.2,0.6,NA,1.2,0.6,NA,0,0,NA
"56","C0036",4,NA,103.830332050961,1.30763635827504,2.4,1.2,NA,2.4,1.2,NA,2.4,1.2,NA,1.2,0.6,NA
"57","C0038",10,NA,103.83183098716,1.30837800654613,2.4,1.2,NA,2.4,1.2,NA,2.4,1.2,NA,1.2,0.6,NA
"58","C0039",10,NA,103.809181681385,1.32343031540728,1.2,0.6,NA,1.2,0.6,NA,1.2,0.6,NA,0,0,NA
"59","C0041",52,"Reserved for Season Ticket Holders from 10.00 pm to 8.30 am daily.",103.712468288763,1.33098497160238,1.2,0.6,NA,1.2,0.6,NA,1.2,0.6,NA,0,0,NA
"60","C0045",29,"Reserved for Season Ticket Holders from 10.00 pm to 8.30 am daily.",103.714083728163,1.33610190984595,1.2,0.6,NA,1.2,0.6,NA,1.2,0.6,NA,0,0,NA
"61","C0053",12,NA,103.837129420502,1.30810364155103,1.2,0.6,NA,1.2,0.6,NA,1.2,0.6,NA,0,0,NA
"62","C0057",10,NA,103.827981281506,1.37693107663989,1.2,0.6,NA,1.2,0.6,NA,1.2,0.6,NA,0,0,NA
"63","C0058",15,NA,103.843844562733,1.29772172458051,2.4,1.2,NA,2.4,1.2,NA,2.4,1.2,NA,1.2,0.6,NA
"64","C0063",4,NA,103.854557553779,1.30000781054799,2.4,1.2,NA,2.4,1.2,NA,2.4,1.2,NA,1.2,0.6,NA
"65","C0097",8,NA,103.852612259624,1.30520640955384,1.2,0.6,NA,1.2,0.6,NA,1.2,0.6,NA,0,0,NA
"66","C0098",16,NA,103.85253218083,1.30564048262324,1.2,0.6,NA,1.2,0.6,NA,1.2,0.6,NA,0,0,NA
"67","C0104",13,NA,103.861581463323,1.31095648713884,1.2,0.6,NA,1.2,0.6,NA,1.2,0.6,NA,1.2,0.6,NA
"68","C0110",5,NA,103.844317290266,1.27879963398293,2.4,1.2,NA,2.4,1.2,NA,2.4,1.2,NA,1.2,0.6,NA
"69","C0113",61,NA,103.910110670764,1.31861649849972,1.2,0.6,NA,1.2,0.6,NA,1.2,0.6,NA,0,0,NA
"70","C0114",38,NA,103.907332962177,1.31790479991541,1.2,0.6,NA,1.2,0.6,NA,1.2,0.6,NA,0,0,NA
"71","C0118",11,NA,103.902890389413,1.30541392667149,1.2,0.6,NA,1.2,0.6,NA,1.2,0.6,NA,1.2,0.6,NA
"72","C0119",24,NA,103.899433053976,1.30985497570257,1.2,0.6,NA,1.2,0.6,NA,1.2,0.6,NA,1.2,0.6,NA
"73","C0120",18,"Reserved for Season Ticket Holders from 10.00 pm to 8.30 am daily.",103.718114852683,1.32867822866652,1.2,0.6,NA,1.2,0.6,NA,1.2,0.6,NA,0,0,NA
"74","C0122",21,NA,103.98723127117,1.3888724673634,1.2,0.6,NA,1.2,0.6,NA,1.2,0.6,NA,1.2,0.6,NA
"75","C0126",12,NA,103.969900564091,1.33210454562594,1.2,0.6,NA,1.2,0.6,NA,1.2,0.6,NA,0,0,NA
"76","C0128",28,NA,103.970662171937,1.33513312708272,1.2,0.6,NA,1.2,0.6,NA,1.2,0.6,NA,0,0,NA
"77","C0129",58,NA,103.970628828554,1.33672304787348,1.2,0.6,NA,1.2,0.6,NA,1.2,0.6,NA,0,0,NA
"78","C0130",77,NA,103.96293610402,1.33122255597327,1.2,0.6,NA,1.2,0.6,NA,1.2,0.6,NA,0,0,NA
"79","C0132",61,NA,103.901686970483,1.31682928185429,1.2,0.6,NA,1.2,0.6,NA,1.2,0.6,NA,1.2,0.6,NA
"80","C0133",69,NA,103.848182891177,1.28826576087842,2.4,1.2,NA,2.4,1.2,NA,2.4,1.2,NA,1.2,0.6,NA
"81","C0134",66,"Parking charge between 10.30pm & 7am is capped at $5.",103.885071472911,1.32515162210562,1.2,0.6,NA,1.2,0.6,NA,1.2,0.6,NA,1.2,0.6,NA
"82","C0135",4,NA,103.899540061199,1.31290052663127,1.2,0.6,NA,1.2,0.6,NA,1.2,0.6,NA,1.2,0.6,NA
"83","C0136",6,NA,103.900658232696,1.3112561564771,1.2,0.6,NA,1.2,0.6,NA,1.2,0.6,NA,1.2,0.6,NA
"84","C0142",10,"Per min charging. Parking charge between 10.30pm & 7am is capped at $5",103.811381235137,1.28900574375801,1.2,0.6,NA,1.2,0.6,NA,1.2,0.6,NA,1.2,0.6,NA
"85","C0147",15,NA,103.910748620655,1.31859940875048,1.2,0.6,NA,1.2,0.6,NA,1.2,0.6,NA,0,0,NA
"86","C0148",241,NA,103.839754433334,1.31109980194266,1.2,0.6,NA,1.2,0.6,NA,1.2,0.6,NA,1.2,0.6,NA
"87","C0151",62,NA,103.989487557208,1.39158617754854,1.2,0.6,NA,1.2,0.6,NA,1.2,0.6,NA,0,0,NA
"88","C0152",21,NA,103.991403454043,1.39115211066834,1.2,0.6,NA,1.2,0.6,NA,1.2,0.6,NA,0,0,NA
"89","C0153",37,NA,103.992285070257,1.39067027465349,1.2,0.6,NA,1.2,0.6,NA,1.2,0.6,NA,0,0,NA
"90","C0154",79,NA,103.99417817857,1.39010222346259,1.2,0.6,NA,1.2,0.6,NA,1.2,0.6,NA,0,0,NA
"91","C0155",39,NA,103.995688086286,1.3899303732904,1.2,0.6,NA,1.2,0.6,NA,1.2,0.6,NA,0,0,NA
"92","C0156",33,NA,104.001037293287,1.38435902852718,1.2,0.6,NA,1.2,0.6,NA,1.2,0.6,NA,0,0,NA
"93","C0157",16,"Reserved for Season Ticket Holders from 7.00 pm to 7.00 am daily.",103.967026053781,1.34967449147107,1.2,0.6,NA,1.2,0.6,NA,1.2,0.6,NA,1.2,0.6,NA
"94","C0158",13,"Reserved for Season Ticket Holders from 7.00 pm to 7.00 am daily.",103.969871030871,1.34835426797311,1.2,0.6,NA,1.2,0.6,NA,1.2,0.6,NA,1.2,0.6,NA
"95","C0159",14,"Reserved for Season Ticket Holders from 7.00 pm to 7.00 am daily.",103.970104014604,1.34968530815291,1.2,0.6,NA,1.2,0.6,NA,1.2,0.6,NA,1.2,0.6,NA
"96","C0160",9,"Reserved for Season Ticket Holders from 7.00 pm to 7.00 am daily.",103.966510788008,1.35104929662988,1.2,0.6,NA,1.2,0.6,NA,1.2,0.6,NA,1.2,0.6,NA
"97","C0161",9,NA,103.95243912155,1.33215165112908,1.2,0.6,NA,1.2,0.6,NA,1.2,0.6,NA,1.2,0.6,NA
"98","C0162",31,"Per min charging. Parking charge between 10.30pm & 7am is capped at $5",103.844516753494,1.29397324618353,2.4,1.2,NA,2.4,1.2,NA,2.4,1.2,NA,1.2,0.6,NA
"99","D0001",9,NA,103.837810539375,1.29832648227835,2.4,1.2,NA,2.4,1.2,NA,2.4,1.2,NA,1.2,0.6,NA
"100","D0002",9,NA,103.839732455071,1.29839426297388,2.4,1.2,NA,2.4,1.2,NA,2.4,1.2,NA,1.2,0.6,NA
"101","D0004",35,NA,103.853792095523,1.30552974040052,1.2,0.6,NA,1.2,0.6,NA,1.2,0.6,NA,0,0,NA
"102","D0005",55,"No parking on Sunday from 12:00pm to 12:00am(between Clive St and Serangoon Rd)",103.853334504153,1.30518065209294,1.2,0.6,NA,1.2,0.6,NA,1.2,0.6,NA,0,0,NA
"103","D0006",58,"Per min charging. Parking charge between 10.30pm & 7am is capped at $5",103.843076686054,1.27912136142454,2.4,1.2,NA,2.4,1.2,NA,2.4,1.2,NA,1.2,0.6,NA
"104","D0009",87,NA,103.855488347407,1.30883178024948,1.2,0.6,NA,1.2,0.6,NA,1.2,0.6,NA,0,0,NA
"105","D0010",42,NA,103.843371549507,1.27871716703245,2.4,1.2,NA,2.4,1.2,NA,2.4,1.2,NA,1.2,0.6,NA
"106","D0012",4,NA,103.852238345088,1.30490476155896,1.2,0.6,NA,1.2,0.6,NA,1.2,0.6,NA,0,0,NA
"107","D0017",24,NA,103.814919562426,1.32501838393606,1.2,0.6,NA,1.2,0.6,NA,1.2,0.6,NA,1.2,0.6,NA
"108","D0026",43,"Per min charging. Parking charge between 10.30pm & 7am is capped at $5",103.853567326941,1.30589612659938,1.2,0.6,NA,1.2,0.6,NA,1.2,0.6,NA,1.2,0.6,NA
"109","D0027",10,NA,103.901706779367,1.30950052929937,1.2,0.6,NA,1.2,0.6,NA,1.2,0.6,NA,1.2,0.6,NA
"110","D0028",74,"Per min charging. Parking charge between 10.30pm & 7am is capped at $5",103.824654362085,1.28930510012942,1.2,0.6,NA,1.2,0.6,NA,1.2,0.6,NA,1.2,0.6,NA
"111","E0009",35,"Parking charge between 10.30pm & 7am is capped at $5.",103.839163919546,1.30252738149026,2.4,1.2,NA,2.4,1.2,NA,2.4,1.2,NA,1.2,0.6,NA
"112","E0011",4,"Parking charge between 10.30pm & 7am is capped at $5.",103.838452565943,1.3020967471451,2.4,1.2,NA,2.4,1.2,NA,2.4,1.2,NA,1.2,0.6,NA
"113","E0017",63,NA,103.902609937195,1.30338580209158,1.2,0.6,NA,1.2,0.6,NA,1.2,0.6,NA,1.2,0.6,NA
"114","E0022",13,"Reserved for Season Ticket Holders from 10.00 pm to 7.00 am daily.",103.837734259703,1.27658523574473,2.4,1.2,NA,2.4,1.2,NA,2.4,1.2,NA,1.2,0.6,NA
"115","E0023",42,"Per min charging. Parking charge between 10.30pm & 7am is capped at $5",103.936244304808,1.30864877465931,1.2,0.6,NA,1.2,0.6,NA,1.2,0.6,NA,1.2,0.6,NA
"116","E0024",353,"Per min charging. Parking charge between 10.30pm & 7am is capped at $5",103.93582213821,1.30734845600974,1.2,0.6,NA,1.2,0.6,NA,1.2,0.6,NA,1.2,0.6,NA
"117","E0027",549,"Per min charging. Parking charge between 10.30pm & 7am is capped at $5",103.929992921502,1.30689352070448,1.2,0.6,NA,1.2,0.6,NA,1.2,0.6,NA,1.2,0.6,NA
"118","E0031",26,NA,103.901940190188,1.3049158924925,1.2,0.6,NA,1.2,0.6,NA,1.2,0.6,NA,1.2,0.6,NA
"119","E0033",4,NA,103.922580781661,1.31201893486882,1.2,0.6,NA,1.2,0.6,NA,1.2,0.6,NA,0,0,NA
"120","E0034",9,NA,103.901511056588,1.31599491862998,1.2,0.6,NA,1.2,0.6,NA,1.2,0.6,NA,1.2,0.6,NA
"121","E0035",24,NA,103.901609130644,1.31427591521869,1.2,0.6,NA,1.2,0.6,NA,1.2,0.6,NA,1.2,0.6,NA
"122","E0037",5,NA,103.924642897481,1.31223944692388,1.2,0.6,NA,1.2,0.6,NA,1.2,0.6,NA,1.2,0.6,NA
"123","F0001",46,NA,103.847511218795,1.29643736929083,2.4,1.2,NA,2.4,1.2,NA,2.4,1.2,NA,0,0,NA
"124","F0002",37,NA,103.860172223874,1.31251757262847,1.2,0.6,NA,1.2,0.6,NA,1.2,0.6,NA,1.2,0.6,NA
"125","F0006",12,"Paid parking hours extended from 8.30am - 5pm",103.857430662736,1.31215775855704,1.2,0.6,NA,1.2,0.6,NA,1.2,0.6,NA,1.2,0.6,NA
"126","F0021",31,"Reserved for Season Ticket Holders from 10.00 pm to 8.30 am daily.",103.69347156397,1.3258874722293,1.2,0.6,NA,1.2,0.6,NA,1.2,0.6,NA,0,0,NA
"127","F0022",24,NA,103.846558488064,1.29637551411763,2.4,1.2,NA,2.4,1.2,NA,2.4,1.2,NA,0,0,NA
"128","F0025",23,"Reserved for Season Ticket Holders from 10.00 pm to 8.30 am daily.",103.687962530072,1.32614321294256,1.2,0.6,NA,1.2,0.6,NA,1.2,0.6,NA,0,0,NA
"129","F0026",14,"Reserved for Season Ticket Holders from 10.00 pm to 8.30 am daily.",103.686117082112,1.3259521562746,1.2,0.6,NA,1.2,0.6,NA,1.2,0.6,NA,0,0,NA
"130","F0027",58,NA,103.845009236036,1.29656491567061,2.4,1.2,NA,2.4,1.2,NA,2.4,1.2,NA,0,0,NA
"131","F0029",30,"Parking charge between 10.30pm & 7am is capped at $5.",103.884373506052,1.29504385554199,1.2,0.6,NA,1.2,0.6,NA,1.2,0.6,NA,1.2,0.6,NA
"132","F0030",23,NA,103.865372619362,1.36470483328265,1.2,0.6,NA,1.2,0.6,NA,1.2,0.6,NA,0,0,NA
"133","F0031",44,NA,103.865684697634,1.36417452348779,1.2,0.6,NA,1.2,0.6,NA,1.2,0.6,NA,0,0,NA
"134","G0002",168,NA,103.873818733059,1.31101590669857,1.2,0.6,NA,1.2,0.6,NA,1.2,0.6,NA,0,0,NA
"135","G0018",43,NA,103.877531791125,1.3254231606299,1.2,0.6,NA,1.2,0.6,NA,1.2,0.6,NA,0,0,NA
"136","G0021",21,NA,103.875026521027,1.32834689587215,1.2,0.6,NA,1.2,0.6,NA,1.2,0.6,NA,0,0,NA
"137","G0022",2,NA,103.874307532565,1.32862764437708,1.2,0.6,NA,1.2,0.6,NA,1.2,0.6,NA,0,0,NA
"138","G0026",35,NA,103.676602475011,1.31856683951017,1.2,0.6,NA,1.2,0.6,NA,1.2,0.6,NA,0,0,NA
"139","G0027",45,NA,103.669973597212,1.31493733754519,1.2,0.6,NA,1.2,0.6,NA,1.2,0.6,NA,0,0,NA
"140","G0028",39,NA,103.669317838265,1.31715973872618,1.2,0.6,NA,1.2,0.6,NA,1.2,0.6,NA,0,0,NA
"141","G0029",21,NA,103.662812107852,1.31309796117305,1.2,0.6,NA,1.2,0.6,NA,1.2,0.6,NA,0,0,NA
"142","G0030",8,NA,103.662900542399,1.3102205610106,1.2,0.6,NA,1.2,0.6,NA,1.2,0.6,NA,0,0,NA
"143","G0032",4,NA,103.668783842113,1.31758756097912,1.2,0.6,NA,1.2,0.6,NA,1.2,0.6,NA,0,0,NA
"144","G0033",4,NA,103.668264573864,1.31843860146082,1.2,0.6,NA,1.2,0.6,NA,1.2,0.6,NA,0,0,NA
"145","G0034",16,NA,103.66685568749,1.31818563782528,1.2,0.6,NA,1.2,0.6,NA,1.2,0.6,NA,0,0,NA
"146","G0035",10,NA,103.665300179478,1.31808956554386,1.2,0.6,NA,1.2,0.6,NA,1.2,0.6,NA,0,0,NA
"147","G0036",8,NA,103.663404890983,1.31704451791088,1.2,0.6,NA,1.2,0.6,NA,1.2,0.6,NA,0,0,NA
"148","G0037",40,NA,103.877942768035,1.32511952102583,1.2,0.6,NA,1.2,0.6,NA,1.2,0.6,NA,0,0,NA
"149","G0038",86,NA,103.671276867987,1.29507489253194,1.2,0.6,NA,1.2,0.6,NA,1.2,0.6,NA,0,0,NA
"150","G0039",8,NA,103.893535419202,1.31417977412775,1.2,0.6,NA,1.2,0.6,NA,1.2,0.6,NA,1.2,0.6,NA
"151","G0040",7,NA,103.847126621499,1.28243067441094,2.4,1.2,NA,2.4,1.2,NA,2.4,1.2,NA,1.2,0.6,NA
"152","H0003",22,"Per min charging. Parking charge between 10.30pm & 7am is capped at $5",103.861745419904,1.31168966993933,1.2,0.6,NA,1.2,0.6,NA,1.2,0.6,NA,1.2,0.6,NA
"153","H0004",84,NA,103.792660556946,1.3119377259855,1.2,0.6,NA,1.2,0.6,NA,1.2,0.6,NA,1.2,0.6,NA
"154","H0006",33,NA,103.854109899972,1.3083831684565,1.2,0.6,NA,1.2,0.6,NA,1.2,0.6,NA,0,0,NA
"155","H0007",3,"Parking charge between 10.30pm & 7am is capped at $5.",103.838049556311,1.30344953113961,2.4,1.2,NA,2.4,1.2,NA,2.4,1.2,NA,1.2,0.6,NA
"156","H0011",270,NA,103.793207732895,1.31069473742235,1.2,0.6,NA,1.2,0.6,NA,1.2,0.6,NA,1.2,0.6,NA
"157","H0012",32,NA,103.847392155823,1.28751268087567,2.4,1.2,NA,2.4,1.2,NA,2.4,1.2,NA,1.2,0.6,NA
"158","H0015",12,"Per min charging. Parking charge between 10.30pm & 7am is capped at $5",103.854065951895,1.30859013177546,1.2,0.6,NA,1.2,0.6,NA,1.2,0.6,NA,1.2,0.6,NA
"159","H0021",10,NA,103.757979211886,1.3526472340179,1.2,0.6,NA,1.2,0.6,NA,1.2,0.6,NA,0,0,NA
"160","H0022",24,"Per min charging. Parking charge between 10.30pm & 7am is capped at $5",103.839043023507,1.30320040913198,2.4,1.2,NA,2.4,1.2,NA,2.4,1.2,NA,1.2,0.6,NA
"161","H0024",23,"Per min charging. Parking charge between 10.30pm & 7am is capped at $5",103.847326834849,1.28640107121061,2.4,1.2,NA,2.4,1.2,NA,2.4,1.2,NA,1.2,0.6,NA
"162","H0028",53,NA,103.861052272623,1.31142205909,1.2,0.6,NA,1.2,0.6,NA,1.2,0.6,NA,1.2,0.6,NA
"163","H0037",34,NA,103.861682804254,1.30942898158958,1.2,0.6,NA,1.2,0.6,NA,1.2,0.6,NA,1.2,0.6,NA
"164","H0049",8,"Reserved for Season Ticket Holders from 10.00 pm to 8.30 am daily.",103.884483544471,1.33338990595725,1.2,0.6,NA,1.2,0.6,NA,1.2,0.6,NA,0,0,NA
"165","H0050",7,"Reserved for Season Ticket Holders from 10.00 pm to 8.30 am daily.",103.885626884069,1.33394359503183,1.2,0.6,NA,1.2,0.6,NA,1.2,0.6,NA,0,0,NA
"166","H0052",4,"Reserved for Season Ticket Holders from 10.00 pm to 8.30 am daily.",103.884778851087,1.33544577730234,1.2,0.6,NA,1.2,0.6,NA,1.2,0.6,NA,0,0,NA
"167","H0055",28,"Parking charge between 10.30pm & 7am is capped at $5.",103.828495345008,1.2891158051165,1.2,0.6,NA,1.2,0.6,NA,1.2,0.6,NA,0,0,NA
"168","H0057",13,NA,103.854498030488,1.3079594133634,1.2,0.6,NA,1.2,0.6,NA,1.2,0.6,NA,1.2,0.6,NA
"169","H0061",11,NA,103.880576046574,1.3309646052986,1.2,0.6,NA,1.2,0.6,NA,1.2,0.6,NA,0,0,NA
"170","I0005",6,"Reserved for Season Ticket Holders from 10.00 pm to 8.30 am daily.",103.8873483108,1.33556824418384,1.2,0.6,NA,1.2,0.6,NA,1.2,0.6,NA,0,0,NA
"171","I0006",11,"Reserved for Season Ticket Holders from 10.00 pm to 8.30 am daily.",103.886621916768,1.33605673886955,1.2,0.6,NA,1.2,0.6,NA,1.2,0.6,NA,0,0,NA
"172","J0001",34,NA,103.857343699521,1.30736144608986,1.2,0.6,NA,1.2,0.6,NA,1.2,0.6,NA,1.2,0.6,NA
"173","J0003",35,NA,103.859254776325,1.31156741438899,1.2,0.6,NA,1.2,0.6,NA,1.2,0.6,NA,1.2,0.6,NA
"174","J0006",16,NA,103.859909730741,1.30415799132318,1.2,0.6,NA,1.2,0.6,NA,1.2,0.6,NA,1.2,0.6,NA
"175","J0008",8,NA,103.859026994878,1.30341999736391,1.2,0.6,NA,1.2,0.6,NA,1.2,0.6,NA,1.2,0.6,NA
"176","J0009",15,NA,103.859415363913,1.30380081227068,1.2,0.6,NA,1.2,0.6,NA,1.2,0.6,NA,1.2,0.6,NA
"177","J0010",9,NA,103.918824157385,1.32364430271396,1.2,0.6,NA,1.2,0.6,NA,1.2,0.6,NA,0,0,NA
"178","J0012",6,NA,103.858683727647,1.30313594443724,1.2,0.6,NA,1.2,0.6,NA,1.2,0.6,NA,1.2,0.6,NA
"179","J0015",5,"Parking charge between 10.30pm & 7am is capped at $5.",103.845522616019,1.35204925444784,1.2,0.6,NA,1.2,0.6,NA,1.2,0.6,NA,1.2,0.6,NA
"180","J0017",99,"Per min charging. Parking charge between 10.30pm & 7am is capped at $5",103.903425973789,1.30893127930263,1.2,0.6,NA,1.2,0.6,NA,1.2,0.6,NA,1.2,0.6,NA
"181","J0018",12,NA,103.841799280468,1.27982430172157,2.4,1.2,NA,2.4,1.2,NA,2.4,1.2,NA,1.2,0.6,NA
"182","J0020",15,NA,103.668748086287,1.32553096187152,1.2,0.6,NA,1.2,0.6,NA,1.2,0.6,NA,0,0,NA
"183","J0021",22,NA,103.669800325465,1.32591759114413,1.2,0.6,NA,1.2,0.6,NA,1.2,0.6,NA,0,0,NA
"184","J0022",10,NA,103.858465066158,1.3027418742485,1.2,0.6,NA,1.2,0.6,NA,1.2,0.6,NA,1.2,0.6,NA
"185","J0027",41,NA,103.667286362972,1.32529138351137,1.2,0.6,NA,1.2,0.6,NA,1.2,0.6,NA,0,0,NA
"186","J0029",23,NA,103.861585481075,1.30254246203578,1.2,0.6,NA,1.2,0.6,NA,1.2,0.6,NA,1.2,0.6,NA
"187","J0030",5,"Parking charge between 10.30pm & 7am is capped at $5.",103.863067979001,1.32532389055137,1.2,0.6,NA,1.2,0.6,NA,1.2,0.6,NA,0,0,NA
"188","J0033",37,"Reserved for Season Ticket Holders from 10.00 pm to 8.30 am daily.",103.712293957844,1.32610526044081,1.2,0.6,NA,1.2,0.6,NA,1.2,0.6,NA,0,0,NA
"189","J0034",21,NA,103.823105914413,1.44125797692188,1.2,0.6,NA,1.2,0.6,NA,1.2,0.6,NA,1.2,0.6,NA
"190","J0035",19,NA,103.823626228717,1.44205833205793,1.2,0.6,NA,1.2,0.6,NA,1.2,0.6,NA,1.2,0.6,NA
"191","J0036",2,NA,103.823055836402,1.44167275859144,1.2,0.6,NA,1.2,0.6,NA,1.2,0.6,NA,1.2,0.6,NA
"192","J0037",11,"Reserved for Season Ticket Holders from 10.00 pm to 8.30 am daily.",103.715644278046,1.32887389785748,1.2,0.6,NA,1.2,0.6,NA,1.2,0.6,NA,0,0,NA
"193","J0038",31,"Parking charge between 10.30pm & 7am is capped at $5.",103.798042427405,1.31225005814433,1.2,0.6,NA,1.2,0.6,NA,1.2,0.6,NA,0,0,NA
"194","J0039",28,"Parking charge between 10.30pm & 7am is capped at $5.",103.797772653064,1.31124733378237,1.2,0.6,NA,1.2,0.6,NA,1.2,0.6,NA,0,0,NA
"195","J0040",18,"Parking charge between 10.30pm & 7am is capped at $5.",103.797949075276,1.31071846571788,1.2,0.6,NA,1.2,0.6,NA,1.2,0.6,NA,0,0,NA
"196","J0041",19,"Parking charge between 10.30pm & 7am is capped at $5.",103.798981286497,1.3084845043491,1.2,0.6,NA,1.2,0.6,NA,1.2,0.6,NA,0,0,NA
"197","J0042",4,"Parking charge between 10.30pm & 7am is capped at $5.",103.798715468206,1.30959686909502,1.2,0.6,NA,1.2,0.6,NA,1.2,0.6,NA,0,0,NA
"198","J0043",4,"Parking charge between 10.30pm & 7am is capped at $5.",103.79817107723,1.30934802465558,1.2,0.6,NA,1.2,0.6,NA,1.2,0.6,NA,0,0,NA
"199","J0047",8,NA,103.862664754075,1.3151479322624,1.2,0.6,NA,1.2,0.6,NA,1.2,0.6,NA,0,0,NA
"200","J0049",3,NA,103.861779495429,1.30753188214292,1.2,0.6,NA,1.2,0.6,NA,1.2,0.6,NA,1.2,0.6,NA
"201","J0050",23,"Parking charge between 10.30pm & 7am is capped at $5.",103.763766504779,1.30808797092252,1.2,0.6,NA,1.2,0.6,NA,1.2,0.6,NA,1.2,0.6,NA
"202","J0051",20,"Parking charge between 10.30pm & 7am is capped at $5.",103.762412518683,1.30835679840503,1.2,0.6,NA,1.2,0.6,NA,1.2,0.6,NA,1.2,0.6,NA
"203","J0054",37,NA,103.859194958395,1.31351866035803,1.2,0.6,NA,1.2,0.6,NA,1.2,0.6,NA,1.2,0.6,NA
"204","J0055",134,"Per min charging. Parking charge between 10.30pm & 7am is capped at $5",103.774983521365,1.34160729677318,1.2,0.6,NA,1.2,0.6,NA,1.2,0.6,NA,1.2,0.6,NA
"205","J0056",7,NA,103.774719263547,1.34087120864063,1.2,0.6,NA,1.2,0.6,NA,1.2,0.6,NA,1.2,0.6,NA
"206","J0057",24,NA,103.843899072051,1.32791112800803,1.2,0.6,NA,1.2,0.6,NA,1.2,0.6,NA,1.2,0.6,NA
"207","J0058",15,NA,103.850782320542,1.32693081816648,1.2,0.6,NA,1.2,0.6,NA,1.2,0.6,NA,1.2,0.6,NA
"208","J0059",16,NA,103.842376707539,1.32683140234475,1.2,0.6,NA,1.2,0.6,NA,1.2,0.6,NA,1.2,0.6,NA
"209","J0060",10,NA,103.848977152766,1.3270182877971,1.2,0.6,NA,1.2,0.6,NA,1.2,0.6,NA,1.2,0.6,NA
"210","J0062",19,NA,103.851284679905,1.32605191417677,1.2,0.6,NA,1.2,0.6,NA,1.2,0.6,NA,1.2,0.6,NA
"211","J0069",28,NA,103.855052284748,1.31539890395963,1.2,0.6,NA,1.2,0.6,NA,1.2,0.6,NA,1.2,0.6,NA
"212","J0070",21,NA,103.882217334237,1.33010067554474,1.2,0.6,NA,1.2,0.6,NA,1.2,0.6,NA,0,0,NA
"213","J0075",5,NA,103.908011262874,1.30697221688202,1.2,0.6,NA,1.2,0.6,NA,1.2,0.6,NA,1.2,0.6,NA
"214","J0080",20,NA,103.912429658124,1.31973424532016,1.2,0.6,NA,1.2,0.6,NA,1.2,0.6,NA,0,0,NA
"215","J0088",20,NA,103.883544708492,1.33796138602033,1.2,0.6,NA,1.2,0.6,NA,1.2,0.6,NA,0,0,NA
"216","J0092",52,"Per min charging. Parking charge between 10.30pm & 7am is capped at $5",103.829027438133,1.373316428941,1.2,0.6,NA,1.2,0.6,NA,1.2,0.6,NA,1.2,0.6,NA
"217","J0093",22,NA,103.673336122976,1.32920649463331,1.2,0.6,NA,1.2,0.6,NA,1.2,0.6,NA,0,0,NA
"218","J0094",8,NA,103.829494503918,1.37280489056752,1.2,0.6,NA,1.2,0.6,NA,1.2,0.6,NA,0,0,NA
"219","J0095",25,NA,103.829095083704,1.37167246032839,1.2,0.6,NA,1.2,0.6,NA,1.2,0.6,NA,0,0,NA
"220","J0097",29,NA,103.858784986028,1.30486853431539,1.2,0.6,NA,1.2,0.6,NA,1.2,0.6,NA,1.2,0.6,NA
"221","J0098",8,"Reserved for Season Ticket Holders from 10.00 pm to 8.30 am daily.",103.883419851745,1.33315405621377,1.2,0.6,NA,1.2,0.6,NA,1.2,0.6,NA,0,0,NA
"222","J0099",9,"Parking charge between 10.30pm & 7am is capped at $5.",103.70266323799,1.34806380071229,1.2,0.6,NA,1.2,0.6,NA,1.2,0.6,NA,1.2,0.6,NA
"223","J0100",54,"Per min charging. Parking charge between 10.30pm & 7am is capped at $5",103.795515298139,1.27407106795278,1.2,0.6,NA,1.2,0.6,NA,1.2,0.6,NA,1.2,0.6,NA
"224","J0102",109,NA,103.901615406478,1.31051224209851,1.2,0.6,NA,1.2,0.6,NA,1.2,0.6,NA,1.2,0.6,NA
"225","J0104",49,NA,103.902864204678,1.31372169785379,1.2,0.6,NA,1.2,0.6,NA,1.2,0.6,NA,1.2,0.6,NA
"226","J0106",10,NA,103.902544022195,1.31245695096959,1.2,0.6,NA,1.2,0.6,NA,1.2,0.6,NA,1.2,0.6,NA
"227","J0109",5,NA,103.90038693887,1.31794026712946,1.2,0.6,NA,1.2,0.6,NA,1.2,0.6,NA,0,0,NA
"228","J0111",6,NA,103.91402789131,1.3225192704473,1.2,0.6,NA,1.2,0.6,NA,1.2,0.6,NA,0,0,NA
"229","J0112",9,NA,103.829945671602,1.37320170277807,1.2,0.6,NA,1.2,0.6,NA,1.2,0.6,NA,0,0,NA
"230","J0117",12,NA,103.725899282436,1.31696450468121,1.2,0.6,NA,1.2,0.6,NA,1.2,0.6,NA,0,0,NA
"231","J0122",207,NA,103.872980208768,1.39887024822832,1.2,0.6,NA,1.2,0.6,NA,1.2,0.6,NA,1.2,0.6,NA
"232","J0127",8,"Parking charge between 10.30pm & 7am is capped at $5.",103.806705162082,1.2984646921586,1.2,0.6,NA,1.2,0.6,NA,1.2,0.6,NA,1.2,0.6,NA
"233","J0128",6,NA,103.859005024602,1.30360487324472,1.2,0.6,NA,1.2,0.6,NA,1.2,0.6,NA,1.2,0.6,NA
"234","J0130",14,NA,103.89953476664,1.31428868225241,1.2,0.6,NA,1.2,0.6,NA,1.2,0.6,NA,1.2,0.6,NA
"235","J0132",43,"Parking charge between 10.30pm & 7am is capped at $5.",103.806979109951,1.29858425658486,1.2,0.6,NA,1.2,0.6,NA,1.2,0.6,NA,1.2,0.6,NA
"236","K0005",46,NA,103.859721767069,1.30231158540148,1.2,0.6,NA,1.2,0.6,NA,1.2,0.6,NA,1.2,0.6,NA
"237","K0006",15,"Reserved for Season Ticket Holders from 7.00 pm to 7.00 am daily.",103.901986073579,1.33450930509786,1.2,0.6,NA,1.2,0.6,NA,1.2,0.6,NA,1.2,0.6,NA
"238","K0008",68,NA,103.842443866537,1.28214810677966,2.4,1.2,NA,2.4,1.2,NA,2.4,1.2,NA,1.2,0.6,NA
"239","K0009",11,"No parking on Sunday from 12:00pm to 12:00am (between Race Course Rd and Chander Rd)",103.851483959026,1.30685391095857,1.2,0.6,NA,1.2,0.6,NA,1.2,0.6,NA,1.2,0.6,NA
"240","K0010",27,NA,103.838819375482,1.29825858599423,2.4,1.2,NA,2.4,1.2,NA,2.4,1.2,NA,1.2,0.6,NA
"241","K0011",8,NA,103.85302227182,1.31049726809255,1.2,0.6,NA,1.2,0.6,NA,1.2,0.6,NA,1.2,0.6,NA
"242","K0013",12,NA,103.859028766199,1.30822652554274,1.2,0.6,NA,1.2,0.6,NA,1.2,0.6,NA,1.2,0.6,NA
"243","K0022",16,"Parking charge between 10.30pm & 7am is capped at $5.",103.906265569559,1.33908619075467,1.2,0.6,NA,1.2,0.6,NA,1.2,0.6,NA,1.2,0.6,NA
"244","K0027",34,NA,103.854525556242,1.3077025165844,1.2,0.6,NA,1.2,0.6,NA,1.2,0.6,NA,0,0,NA
"245","K0032",30,NA,103.866492571633,1.3659575740039,1.2,0.6,NA,1.2,0.6,NA,1.2,0.6,NA,0,0,NA
"246","K0034",28,"Parking charge between 10.30pm & 7am is capped at $5.",103.81176447004,1.2897596020492,1.2,0.6,NA,1.2,0.6,NA,1.2,0.6,NA,1.2,0.6,NA
"247","K0037",22,"Per min charging. Parking charge between 10.30pm & 7am is capped at $5",103.861555033109,1.31028753164557,1.2,0.6,NA,1.2,0.6,NA,1.2,0.6,NA,1.2,0.6,NA
"248","K0039",60,NA,103.861952540671,1.31001171760445,1.2,0.6,NA,1.2,0.6,NA,1.2,0.6,NA,1.2,0.6,NA
"249","K0049",21,NA,103.856383669031,1.30560567994835,1.2,0.6,NA,1.2,0.6,NA,1.2,0.6,NA,1.2,0.6,NA
"250","K0051",30,NA,103.86619012047,1.36489108503089,1.2,0.6,NA,1.2,0.6,NA,1.2,0.6,NA,0,0,NA
"251","K0052",48,"Reserved for Season Ticket Holders from 10.00 pm to 8.30 am daily.",103.872894469185,1.32544509531616,1.2,0.6,NA,1.2,0.6,NA,1.2,0.6,NA,0,0,NA
"252","K0054",6,NA,103.874412169544,1.32575628394042,1.2,0.6,NA,1.2,0.6,NA,1.2,0.6,NA,0,0,NA
"253","K0057",80,"Reserved for Season Ticket Holders from 10.00 pm to 8.30 am daily.",103.866857712416,1.31037533666076,1.2,0.6,NA,1.2,0.6,NA,1.2,0.6,NA,0,0,NA
"254","K0061",5,NA,103.866131422572,1.31868951600347,1.2,0.6,NA,1.2,0.6,NA,1.2,0.6,NA,0,0,NA
"255","K0064",50,NA,103.883096528293,1.36011984856625,1.2,0.6,NA,1.2,0.6,NA,1.2,0.6,NA,1.2,0.6,NA
"256","K0069",21,NA,103.856706943876,1.30649458784471,1.2,0.6,NA,1.2,0.6,NA,1.2,0.6,NA,1.2,0.6,NA
"257","K0081",25,NA,103.888605089513,1.34097809679263,1.2,0.6,NA,1.2,0.6,NA,1.2,0.6,NA,1.2,0.6,NA
"258","K0082",29,"Per min charging. Parking charge between 10.30pm & 7am is capped at $5",103.867315205218,1.30606439993469,1.2,0.6,NA,1.2,0.6,NA,1.2,0.6,NA,1.2,0.6,NA
"259","K0087",22,"Parking charge between 10.30pm & 7am is capped at $5.",103.853259236218,1.32373843945418,1.2,0.6,NA,1.2,0.6,NA,1.2,0.6,NA,1.2,0.6,NA
"260","K0091",38,"Parking charge between 10.30pm & 7am is capped at $5.",103.898218080531,1.33843153048762,1.2,0.6,NA,1.2,0.6,NA,1.2,0.6,NA,1.2,0.6,NA
"261","K0093",31,NA,103.842022396398,1.31328848877279,1.2,0.6,NA,1.2,0.6,NA,1.2,0.6,NA,0,0,NA
"262","K0094",28,NA,103.829656746326,1.29411545435851,1.2,0.6,NA,1.2,0.6,NA,1.2,0.6,NA,1.2,0.6,NA
"263","K0097",14,"Reserved for Season Ticket Holders from 10.00 pm to 8.30 am daily.",103.883156763046,1.33456731153956,1.2,0.6,NA,1.2,0.6,NA,1.2,0.6,NA,0,0,NA
"264","K0099",4,NA,103.906580618512,1.31831165312037,1.2,0.6,NA,1.2,0.6,NA,1.2,0.6,NA,0,0,NA
"265","K0108",99,NA,103.839591437018,1.27310174730592,2.4,1.2,NA,2.4,1.2,NA,2.4,1.2,NA,1.2,0.6,NA
"266","K0110",17,NA,103.877506589159,1.32353262628626,1.2,0.6,NA,1.2,0.6,NA,1.2,0.6,NA,0,0,NA
"267","K0111",122,NA,103.853256943419,1.30974343666806,1.2,0.6,NA,1.2,0.6,NA,1.2,0.6,NA,1.2,0.6,NA
"268","K0113",28,NA,103.840024238383,1.29286628969783,1.2,0.6,NA,1.2,0.6,NA,1.2,0.6,NA,1.2,0.6,NA
"269","K0114",16,NA,103.866066981847,1.30762191513764,1.2,0.6,NA,1.2,0.6,NA,1.2,0.6,NA,0,0,NA
"270","K0115",14,"Parking charge between 10.30pm & 7am is capped at $5.",103.903135849822,1.33406805691196,1.2,0.6,NA,1.2,0.6,NA,1.2,0.6,NA,1.2,0.6,NA
"271","K0120",23,"Parking charge between 10.30pm & 7am is capped at $5.",103.859958700405,1.31520652582081,1.2,0.6,NA,1.2,0.6,NA,1.2,0.6,NA,0,0,NA
"272","K0121",57,"Per min charging. Parking charge between 10.30pm & 7am is capped at $5",103.854051813827,1.30657916396228,1.2,0.6,NA,1.2,0.6,NA,1.2,0.6,NA,1.2,0.6,NA
"273","L0002",19,"No parking on Sunday from 12pm to 12am.",103.854619985742,1.30986068893163,1.2,0.6,NA,1.2,0.6,NA,1.2,0.6,NA,0,0,NA
"274","L0003",45,NA,103.856357582439,1.29807993595057,2.4,1.2,NA,2.4,1.2,NA,2.4,1.2,NA,1.2,0.6,NA
"275","L0004",13,NA,103.875992715173,1.31038912228152,1.2,0.6,NA,1.2,0.6,NA,1.2,0.6,NA,0,0,NA
"276","L0005",14,NA,103.83973368744,1.2971493840051,2.4,1.2,NA,2.4,1.2,NA,2.4,1.2,NA,1.2,0.6,NA
"277","L0008",28,NA,103.773321553588,1.3410277091202,1.2,0.6,NA,1.2,0.6,NA,1.2,0.6,NA,0,0,NA
"278","L0009",25,NA,103.848634135307,1.28669301796032,2.4,1.2,NA,2.4,1.2,NA,2.4,1.2,NA,1.2,0.6,NA
"279","L0011",22,"Reserved for Season Ticket Holders from 10.00 pm to 8.30 am daily.",103.711897495854,1.32785656432784,1.2,0.6,NA,1.2,0.6,NA,1.2,0.6,NA,0,0,NA
"280","L0013",26,NA,103.876577492048,1.31058400544749,1.2,0.6,NA,1.2,0.6,NA,1.2,0.6,NA,0,0,NA
"281","L0014",12,NA,103.875871249226,1.3124549053344,1.2,0.6,NA,1.2,0.6,NA,1.2,0.6,NA,0,0,NA
"282","L0015",31,NA,103.877164225134,1.31067466676491,1.2,0.6,NA,1.2,0.6,NA,1.2,0.6,NA,0,0,NA
"283","L0016",9,NA,103.876416220108,1.31281674844418,1.2,0.6,NA,1.2,0.6,NA,1.2,0.6,NA,0,0,NA
"284","L0018",22,NA,103.876971728401,1.31302123725596,1.2,0.6,NA,1.2,0.6,NA,1.2,0.6,NA,0,0,NA
"285","L0019",19,NA,103.878407831744,1.31088507297562,1.2,0.6,NA,1.2,0.6,NA,1.2,0.6,NA,0,0,NA
"286","L0020",20,NA,103.87752485926,1.31317691833816,1.2,0.6,NA,1.2,0.6,NA,1.2,0.6,NA,0,0,NA
"287","L0021",44,NA,103.879185579899,1.31115593219188,1.2,0.6,NA,1.2,0.6,NA,1.2,0.6,NA,0,0,NA
"288","L0022",22,NA,103.878224815529,1.31331382023102,1.2,0.6,NA,1.2,0.6,NA,1.2,0.6,NA,0,0,NA
"289","L0023",12,NA,103.879891089622,1.31148825673511,1.2,0.6,NA,1.2,0.6,NA,1.2,0.6,NA,0,0,NA
"290","L0024",27,NA,103.878722894286,1.31347485949053,1.2,0.6,NA,1.2,0.6,NA,1.2,0.6,NA,0,0,NA
"291","L0025",8,NA,103.8806926394,1.31159606987482,1.2,0.6,NA,1.2,0.6,NA,1.2,0.6,NA,0,0,NA
"292","L0026",38,NA,103.879127568435,1.3141051777785,1.2,0.6,NA,1.2,0.6,NA,1.2,0.6,NA,0,0,NA
"293","L0027",8,NA,103.881305674218,1.31163729171601,1.2,0.6,NA,1.2,0.6,NA,1.2,0.6,NA,0,0,NA
"294","L0028",24,NA,103.879999076303,1.31429824153792,1.2,0.6,NA,1.2,0.6,NA,1.2,0.6,NA,0,0,NA
"295","L0029",121,"Reserved for Season Ticket Holders from 10.00 pm to 8.30 am daily.",103.689538899342,1.32460105680407,1.2,0.6,NA,1.2,0.6,NA,1.2,0.6,NA,0,0,NA
"296","L0030",13,NA,103.879596170643,1.31393339501859,1.2,0.6,NA,1.2,0.6,NA,1.2,0.6,NA,0,0,NA
"297","L0031",2,NA,103.875580342536,1.31253275527635,1.2,0.6,NA,1.2,0.6,NA,1.2,0.6,NA,0,0,NA
"298","L0032",52,NA,103.881343980371,1.31451638836661,1.2,0.6,NA,1.2,0.6,NA,1.2,0.6,NA,0,0,NA
"299","L0033",19,NA,103.883333295842,1.31206462905689,1.2,0.6,NA,1.2,0.6,NA,1.2,0.6,NA,0,0,NA
"300","L0034",53,NA,103.884027866301,1.3122534942005,1.2,0.6,NA,1.2,0.6,NA,1.2,0.6,NA,0,0,NA
"301","L0035",36,NA,103.882455329042,1.31473370345976,1.2,0.6,NA,1.2,0.6,NA,1.2,0.6,NA,0,0,NA
"302","L0036",29,NA,103.883087525182,1.31426868570299,1.2,0.6,NA,1.2,0.6,NA,1.2,0.6,NA,0,0,NA
"303","L0037",12,NA,103.884864056832,1.31242557754179,1.2,0.6,NA,1.2,0.6,NA,1.2,0.6,NA,0,0,NA
"304","L0038",26,NA,103.883819805145,1.31590662395646,1.2,0.6,NA,1.2,0.6,NA,1.2,0.6,NA,0,0,NA
"305","L0039",18,NA,103.884774731539,1.31455281433732,1.2,0.6,NA,1.2,0.6,NA,1.2,0.6,NA,0,0,NA
"306","L0040",36,NA,103.885571362448,1.31251924135628,1.2,0.6,NA,1.2,0.6,NA,1.2,0.6,NA,0,0,NA
"307","L0041",23,NA,103.885828588924,1.31478813318355,1.2,0.6,NA,1.2,0.6,NA,1.2,0.6,NA,0,0,NA
"308","L0042",20,NA,103.886318029242,1.31270729444144,1.2,0.6,NA,1.2,0.6,NA,1.2,0.6,NA,0,0,NA
"309","L0043",16,NA,103.886892408502,1.31497145493337,1.2,0.6,NA,1.2,0.6,NA,1.2,0.6,NA,0,0,NA
"310","L0044",25,NA,103.886950980296,1.31281337726843,1.2,0.6,NA,1.2,0.6,NA,1.2,0.6,NA,0,0,NA
"311","L0045",12,NA,103.887784112718,1.31506973087453,1.2,0.6,NA,1.2,0.6,NA,1.2,0.6,NA,0,0,NA
"312","L0046",20,NA,103.887870011883,1.31297904675411,1.2,0.6,NA,1.2,0.6,NA,1.2,0.6,NA,0,0,NA
"313","L0047",14,NA,103.888508580151,1.31534921045204,1.2,0.6,NA,1.2,0.6,NA,1.2,0.6,NA,0,0,NA
"314","L0048",14,NA,103.888475583023,1.3130286775603,1.2,0.6,NA,1.2,0.6,NA,1.2,0.6,NA,0,0,NA
"315","L0049",19,NA,103.889640475483,1.31562664486736,1.2,0.6,NA,1.2,0.6,NA,1.2,0.6,NA,0,0,NA
"316","L0050",4,NA,103.88894163185,1.3136024031051,1.2,0.6,NA,1.2,0.6,NA,1.2,0.6,NA,0,0,NA
"317","L0051",19,NA,103.890744375426,1.31557262810314,1.2,0.6,NA,1.2,0.6,NA,1.2,0.6,NA,0,0,NA
"318","L0052",21,NA,103.88974038242,1.31393816378376,1.2,0.6,NA,1.2,0.6,NA,1.2,0.6,NA,0,0,NA
"319","L0053",44,NA,103.891330521306,1.31584885703597,1.2,0.6,NA,1.2,0.6,NA,1.2,0.6,NA,0,0,NA
"320","L0056",5,NA,103.886054136847,1.31145334916999,1.2,0.6,NA,1.2,0.6,NA,1.2,0.6,NA,0,0,NA
"321","L0057",5,NA,103.890406868162,1.31592120138551,1.2,0.6,NA,1.2,0.6,NA,1.2,0.6,NA,0,0,NA
"322","L0058",39,NA,103.877185509561,1.35385076716633,1.2,0.6,NA,1.2,0.6,NA,1.2,0.6,NA,1.2,0.6,NA
"323","L0060",50,"Reserved for Season Ticket Holders from 10.00 pm to 8.30 am daily.",103.873521406717,1.32708028449621,1.2,0.6,NA,1.2,0.6,NA,1.2,0.6,NA,0,0,NA
"324","L0061",6,NA,103.876399000329,1.35448466194069,1.2,0.6,NA,1.2,0.6,NA,1.2,0.6,NA,1.2,0.6,NA
"325","L0064",35,"Per min charging. Parking charge between 10.30pm & 7am is capped at $5",103.879842077735,1.31384189225991,1.2,0.6,NA,1.2,0.6,NA,1.2,0.6,NA,1.2,0.6,NA
"326","L0065",4,NA,103.874778762648,1.32932722921845,1.2,0.6,NA,1.2,0.6,NA,1.2,0.6,NA,0,0,NA
"327","L0074",8,NA,103.880534394931,1.31503728974967,1.2,0.6,NA,1.2,0.6,NA,1.2,0.6,NA,0,0,NA
"328","L0076",7,NA,103.910638867281,1.31947668218349,1.2,0.6,NA,1.2,0.6,NA,1.2,0.6,NA,0,0,NA
"329","L0077",24,"Parking charge between 10.30pm & 7am is capped at $5.",103.812264699694,1.29074191918437,1.2,0.6,NA,1.2,0.6,NA,1.2,0.6,NA,1.2,0.6,NA
"330","L0078",23,"Per min charging. Parking charge between 10.30pm & 7am is capped at $5",103.911878132693,1.31915796159344,1.2,0.6,NA,1.2,0.6,NA,1.2,0.6,NA,1.2,0.6,NA
"331","L0079",16,NA,103.909515920978,1.31918169727381,1.2,0.6,NA,1.2,0.6,NA,1.2,0.6,NA,0,0,NA
"332","L0081",6,NA,103.852977016034,1.32615586880338,1.2,0.6,NA,1.2,0.6,NA,1.2,0.6,NA,1.2,0.6,NA
"333","L0082",8,NA,103.907835146249,1.3188821924148,1.2,0.6,NA,1.2,0.6,NA,1.2,0.6,NA,0,0,NA
"334","L0083",10,NA,103.908983593144,1.31914753137575,1.2,0.6,NA,1.2,0.6,NA,1.2,0.6,NA,0,0,NA
"335","L0085",37,"Reserved for Season Ticket Holders from 10.00 pm to 7.00 am daily.",103.969042731659,1.37076322826661,1.2,0.6,NA,1.2,0.6,NA,1.2,0.6,NA,1.2,0.6,NA
"336","L0087",36,NA,103.971582431953,1.38328570279375,1.2,0.6,NA,1.2,0.6,NA,1.2,0.6,NA,1.2,0.6,NA
"337","L0088",24,"Reserved for Season Ticket Holders from 10.00 pm to 7.00 am daily.",103.967002560903,1.37095079985099,1.2,0.6,NA,1.2,0.6,NA,1.2,0.6,NA,1.2,0.6,NA
"338","L0089",12,NA,103.967201213477,1.37424334927437,1.2,0.6,NA,1.2,0.6,NA,1.2,0.6,NA,1.2,0.6,NA
"339","L0092",6,NA,103.885169739025,1.33828389710398,1.2,0.6,NA,1.2,0.6,NA,1.2,0.6,NA,0,0,NA
"340","L0096",17,NA,103.899750750452,1.31559455108789,1.2,0.6,NA,1.2,0.6,NA,1.2,0.6,NA,1.2,0.6,NA
"341","L0097",3,NA,103.900891085024,1.31589950530105,1.2,0.6,NA,1.2,0.6,NA,1.2,0.6,NA,1.2,0.6,NA
"342","L0098",11,NA,103.902028432714,1.31658551736333,1.2,0.6,NA,1.2,0.6,NA,1.2,0.6,NA,1.2,0.6,NA
"343","L0099",2,NA,103.902820822447,1.31575925563962,1.2,0.6,NA,1.2,0.6,NA,1.2,0.6,NA,1.2,0.6,NA
"344","L0100",6,NA,103.903303788972,1.31661258998517,1.2,0.6,NA,1.2,0.6,NA,1.2,0.6,NA,1.2,0.6,NA
"345","L0101",11,NA,103.903956970851,1.31650431546482,1.2,0.6,NA,1.2,0.6,NA,1.2,0.6,NA,1.2,0.6,NA
"346","L0102",9,NA,103.904574068837,1.31662288433444,1.2,0.6,NA,1.2,0.6,NA,1.2,0.6,NA,1.2,0.6,NA
"347","L0103",5,NA,103.900770297482,1.31499756641583,1.2,0.6,NA,1.2,0.6,NA,1.2,0.6,NA,1.2,0.6,NA
"348","L0104",167,"Per min charging. Parking charge between 10.30pm & 7am is capped at $5",103.987320911581,1.39021141294832,1.2,0.6,NA,1.2,0.6,NA,1.2,0.6,NA,1.2,0.6,NA
"349","L0107",25,"Per min charging. Parking charge between 10.30pm & 7am is capped at $5",103.879441454655,1.31373125345996,1.2,0.6,NA,1.2,0.6,NA,1.2,0.6,NA,1.2,0.6,NA
"350","L0109",10,"Reserved for Season Ticket Holders from 10.00 pm to 7.00 am daily.",103.97204895828,1.37493449425321,1.2,0.6,NA,1.2,0.6,NA,1.2,0.6,NA,1.2,0.6,NA
"351","L0110",18,"Reserved for Season Ticket Holders from 10.00 pm to 7.00 am daily.",103.968924234822,1.37443330399536,1.2,0.6,NA,1.2,0.6,NA,1.2,0.6,NA,1.2,0.6,NA
"352","L0113",4,NA,103.874410522728,1.31168390763605,1.2,0.6,NA,1.2,0.6,NA,1.2,0.6,NA,0,0,NA
"353","L0115",64,NA,103.872069758848,1.3105826580239,1.2,0.6,NA,1.2,0.6,NA,1.2,0.6,NA,0,0,NA
"354","L0116",29,"Per min charging. Parking charge between 10.30pm & 7am is capped at $5",103.880515922425,1.31297192802222,1.2,0.6,NA,1.2,0.6,NA,1.2,0.6,NA,1.2,0.6,NA
"355","L0117",105,"Per min charging. Parking charge between 10.30pm & 7am is capped at $5",103.882829131969,1.31541140859078,1.2,0.6,NA,1.2,0.6,NA,1.2,0.6,NA,1.2,0.6,NA
"356","L0118",11,NA,103.888541895113,1.31323600069566,1.2,0.6,NA,1.2,0.6,NA,1.2,0.6,NA,0,0,NA
"357","L0120",3,NA,103.911598683417,1.3196206140415,1.2,0.6,NA,1.2,0.6,NA,1.2,0.6,NA,0,0,NA
"358","L0123",56,"Per min charging. Parking charge between 10.30pm & 7am is capped at $5",103.876465921686,1.31324315361178,1.2,0.6,NA,1.2,0.6,NA,1.2,0.6,NA,1.2,0.6,NA
"359","L0124",28,"Per min charging. Parking charge between 10.30pm & 7am is capped at $5",103.889433349527,1.31509167831322,1.2,0.6,NA,1.2,0.6,NA,1.2,0.6,NA,1.2,0.6,NA
"360","L0125",51,"Per min charging. Parking charge between 10.30pm & 7am is capped at $5",103.887141818839,1.31504745411981,1.2,0.6,NA,1.2,0.6,NA,1.2,0.6,NA,1.2,0.6,NA
"361","M0001",6,NA,103.847404161657,1.30630206137746,1.2,0.6,NA,1.2,0.6,NA,1.2,0.6,NA,1.2,0.6,NA
"362","M0003",9,NA,103.857072056097,1.31281157422852,1.2,0.6,NA,1.2,0.6,NA,1.2,0.6,NA,1.2,0.6,NA
"363","M0005",35,NA,103.853699280709,1.30415062657611,1.2,0.6,NA,1.2,0.6,NA,1.2,0.6,NA,0,0,NA
"364","M0006",11,NA,103.847408671891,1.27962317961979,2.4,1.2,NA,2.4,1.2,NA,2.4,1.2,NA,1.2,0.6,NA
"365","M0009",0,NA,103.845977668338,1.27386584432047,2.4,1.2,NA,2.4,1.2,NA,2.4,1.2,NA,0,0,NA
"366","M0011",61,NA,103.844738010503,1.28383187395643,2.4,1.2,NA,2.4,1.2,NA,2.4,1.2,NA,1.2,0.6,NA
"367","M0015",74,NA,103.840963878779,1.29238761756956,1.2,0.6,NA,1.2,0.6,NA,1.2,0.6,NA,1.2,0.6,NA
"368","M0017",13,NA,103.850622768399,1.30166966434108,2.4,1.2,NA,2.4,1.2,NA,2.4,1.2,NA,1.2,0.6,NA
"369","M0020",31,NA,103.858308076777,1.30803066014171,1.2,0.6,NA,1.2,0.6,NA,1.2,0.6,NA,1.2,0.6,NA
"370","M0026",6,NA,103.853948016019,1.2991329603045,2.4,1.2,NA,2.4,1.2,NA,2.4,1.2,NA,1.2,0.6,NA
"371","M0038",43,NA,103.865633999209,1.36502680602216,1.2,0.6,NA,1.2,0.6,NA,1.2,0.6,NA,0,0,NA
"372","M0039",3,NA,103.865535726433,1.36530141029643,1.2,0.6,NA,1.2,0.6,NA,1.2,0.6,NA,0,0,NA
"373","M0040",108,"Per min charging. Parking charge between 10.30pm & 7am is capped at $5",103.849555747252,1.30516686259287,1.2,0.6,NA,1.2,0.6,NA,1.2,0.6,NA,1.2,0.6,NA
"374","M0043",2,NA,103.849425959566,1.30421033313227,2.4,1.2,NA,2.4,1.2,NA,2.4,1.2,NA,1.2,0.6,NA
"375","M0048",16,NA,103.851060463441,1.32374583948508,1.2,0.6,NA,1.2,0.6,NA,1.2,0.6,NA,1.2,0.6,NA
"376","M0049",3,NA,103.849984367463,1.32346820886999,1.2,0.6,NA,1.2,0.6,NA,1.2,0.6,NA,1.2,0.6,NA
"377","M0055",30,NA,103.866501638507,1.32709003881224,1.2,0.6,NA,1.2,0.6,NA,1.2,0.6,NA,0,0,NA
"378","M0058",28,NA,103.883364970055,1.33223607520217,1.2,0.6,NA,1.2,0.6,NA,1.2,0.6,NA,0,0,NA
"379","M0059",82,"Per min charging. Parking charge between 10.30pm & 7am is capped at $5",103.847564724131,1.30585367552959,1.2,0.6,NA,1.2,0.6,NA,1.2,0.6,NA,1.2,0.6,NA
"380","M0063",3,NA,103.848852285163,1.30580592192648,1.2,0.6,NA,1.2,0.6,NA,1.2,0.6,NA,1.2,0.6,NA
"381","M0066",10,"Reserved for Season Ticket Holders from 10.00 pm to 8.30 am daily.",103.884404002335,1.33451782521583,1.2,0.6,NA,1.2,0.6,NA,1.2,0.6,NA,0,0,NA
"382","M0072",10,NA,103.850277984627,1.32446554285086,1.2,0.6,NA,1.2,0.6,NA,1.2,0.6,NA,1.2,0.6,NA
"383","M0076",111,"Per min charging. Parking charge between 10.30pm & 7am is capped at $5",103.84890841545,1.32520010032531,1.2,0.6,NA,1.2,0.6,NA,1.2,0.6,NA,1.2,0.6,NA
"384","M0077",18,NA,103.841598721766,1.29416938794628,1.2,0.6,NA,1.2,0.6,NA,1.2,0.6,NA,1.2,0.6,NA
"385","M0078",258,"Per min charging. Parking charge between 10.30pm & 7am is capped at $5",103.820370985403,1.26655721886262,1.2,0.6,NA,1.2,0.6,NA,1.2,0.6,NA,1.2,0.6,NA
"386","M0080",37,NA,103.901996252773,1.30559677674498,1.2,0.6,NA,1.2,0.6,NA,1.2,0.6,NA,1.2,0.6,NA
"387","M0084",44,"Per min charging. Parking charge between 10.30pm & 7am is capped at $5",103.849472770968,1.27464968751872,2.4,1.2,NA,2.4,1.2,NA,2.4,1.2,NA,1.2,0.6,NA
"388","M0085",19,NA,103.838277928699,1.29310677699921,1.2,0.6,NA,1.2,0.6,NA,1.2,0.6,NA,1.2,0.6,NA
"389","M0088",28,"Per min charging. Parking charge between 10.30pm & 7am is capped at $5",103.803016400321,1.30041999712014,1.2,0.6,NA,1.2,0.6,NA,1.2,0.6,NA,1.2,0.6,NA
"390","N0003",32,NA,103.859532094518,1.30341059577818,1.2,0.6,NA,1.2,0.6,NA,1.2,0.6,NA,1.2,0.6,NA
"391","N0005",10,NA,103.885631517679,1.34313576279589,1.2,0.6,NA,1.2,0.6,NA,1.2,0.6,NA,0,0,NA
"392","N0006",15,"Per min charging. Parking charge between 10.30pm & 7am is capped at $5",103.84191274173,1.27933831099856,2.4,1.2,NA,2.4,1.2,NA,2.4,1.2,NA,1.2,0.6,NA
"393","N0010",15,NA,103.849594860293,1.30351778489742,2.4,1.2,NA,2.4,1.2,NA,2.4,1.2,NA,1.2,0.6,NA
"394","N0011",25,NA,103.853723937292,1.30799939092303,1.2,0.6,NA,1.2,0.6,NA,1.2,0.6,NA,0,0,NA
"395","N0012",69,"Parking charge between 10.30pm & 7am is capped at $5.",103.863555800614,1.30608257353188,1.2,0.6,NA,1.2,0.6,NA,1.2,0.6,NA,1.2,0.6,NA
"396","N0013",92,NA,103.856646625863,1.3004003577436,1.2,0.6,NA,1.2,0.6,NA,1.2,0.6,NA,1.2,0.6,NA
"397","N0014",24,NA,103.848525971428,1.28618771830644,2.4,1.2,NA,2.4,1.2,NA,2.4,1.2,NA,1.2,0.6,NA
"398","N0016",54,NA,103.703077282738,1.32509178906308,1.2,0.6,NA,1.2,0.6,NA,1.2,0.6,NA,1.2,0.6,NA
"399","N0020",0,NA,103.844738783808,1.2871983831021,2.4,1.2,NA,2.4,1.2,NA,2.4,1.2,NA,1.2,0.6,NA
"400","N0023",16,NA,103.98516107688,1.39129944744426,1.2,0.6,NA,1.2,0.6,NA,1.2,0.6,NA,1.2,0.6,NA
"401","N0047",7,NA,103.842119626369,1.27931315719197,2.4,1.2,NA,2.4,1.2,NA,2.4,1.2,NA,1.2,0.6,NA
"402","O0004",52,NA,103.827510693529,1.37726022160368,1.2,0.6,NA,1.2,0.6,NA,1.2,0.6,NA,0,0,NA
"403","O0005",17,NA,103.828004483185,1.37750437307181,1.2,0.6,NA,1.2,0.6,NA,1.2,0.6,NA,0,0,NA
"404","O0007",13,"Parking charge between 10.30pm & 7am is capped at $5.",103.850935595306,1.31598462122965,1.2,0.6,NA,1.2,0.6,NA,1.2,0.6,NA,0,0,NA
"405","O0008",13,NA,103.884550985615,1.30726463882855,1.2,0.6,NA,1.2,0.6,NA,1.2,0.6,NA,1.2,0.6,NA
"406","O0010",27,NA,103.834771494055,1.28543539330104,1.2,0.6,NA,1.2,0.6,NA,1.2,0.6,NA,1.2,0.6,NA
"407","O0013",11,NA,103.835968018121,1.2850357706712,1.2,0.6,NA,1.2,0.6,NA,1.2,0.6,NA,1.2,0.6,NA
"408","O0026",46,NA,103.866950900145,1.32799516948221,1.2,0.6,NA,1.2,0.6,NA,1.2,0.6,NA,0,0,NA
"409","O0027",53,NA,103.900170626685,1.31140144667495,1.2,0.6,NA,1.2,0.6,NA,1.2,0.6,NA,1.2,0.6,NA
"410","O0028",39,"Per min charging. Parking charge between 10.30pm & 7am is capped at $5",103.83543041047,1.28438040414751,1.2,0.6,NA,1.2,0.6,NA,1.2,0.6,NA,1.2,0.6,NA
"411","O0029",15,NA,103.901499179801,1.3098000920281,1.2,0.6,NA,1.2,0.6,NA,1.2,0.6,NA,1.2,0.6,NA
"412","O0031",20,NA,103.898589649326,1.31423521866656,1.2,0.6,NA,1.2,0.6,NA,1.2,0.6,NA,1.2,0.6,NA
"413","P0002",25,NA,103.861119323601,1.30205043950826,1.2,0.6,NA,1.2,0.6,NA,1.2,0.6,NA,1.2,0.6,NA
"414","P0006",4,NA,103.844913030411,1.27776472313875,2.4,1.2,NA,2.4,1.2,NA,2.4,1.2,NA,1.2,0.6,NA
"415","P0009",14,NA,103.844327702712,1.29750305886105,2.4,1.2,NA,2.4,1.2,NA,2.4,1.2,NA,1.2,0.6,NA
"416","P0011",62,NA,103.858135381125,1.31221756268521,1.2,0.6,NA,1.2,0.6,NA,1.2,0.6,NA,1.2,0.6,NA
"417","P0013",84,NA,103.848191618495,1.27513302860417,2.4,1.2,NA,2.4,1.2,NA,2.4,1.2,NA,1.2,0.6,NA
"418","P0015",50,NA,103.850579144301,1.3007861066088,2.4,1.2,NA,2.4,1.2,NA,2.4,1.2,NA,1.2,0.6,NA
"419","P0018",44,NA,103.855202503483,1.29647492853499,2.4,1.2,NA,2.4,1.2,NA,2.4,1.2,NA,1.2,0.6,NA
"420","P0023",11,NA,103.858497673429,1.30969103736936,1.2,0.6,NA,1.2,0.6,NA,1.2,0.6,NA,1.2,0.6,NA
"421","P0024",23,NA,103.808719521336,1.32306031992374,1.2,0.6,NA,1.2,0.6,NA,1.2,0.6,NA,0,0,NA
"422","P0025",2,NA,103.808514557283,1.32392263036895,1.2,0.6,NA,1.2,0.6,NA,1.2,0.6,NA,0,0,NA
"423","P0028",2,NA,103.849566985901,1.3254111449197,1.2,0.6,NA,1.2,0.6,NA,1.2,0.6,NA,1.2,0.6,NA
"424","P0031",30,NA,103.793720270009,1.27641777511991,1.2,0.6,NA,1.2,0.6,NA,1.2,0.6,NA,0,0,NA
"425","P0033",270,"Per min charging. Parking charge between 10.30pm & 7am is capped at $5",103.956492479719,1.37693860989264,1.2,0.6,NA,1.2,0.6,NA,1.2,0.6,NA,1.2,0.6,NA
"426","P0035",58,NA,103.869834786005,1.33118569518587,1.2,0.6,NA,1.2,0.6,NA,1.2,0.6,NA,0,0,NA
"427","P0036",11,NA,103.870348279409,1.33040937747428,1.2,0.6,NA,1.2,0.6,NA,1.2,0.6,NA,0,0,NA
"428","P0038",11,NA,103.853867789626,1.30537116304599,1.2,0.6,NA,1.2,0.6,NA,1.2,0.6,NA,0,0,NA
"429","P0048",19,"Per min charging. Parking charge between 10.30pm & 7am is capped at $5",103.840537849091,1.28334835978483,1.2,0.6,NA,1.2,0.6,NA,1.2,0.6,NA,1.2,0.6,NA
"430","P0049",8,NA,103.864656253729,1.36380055093296,1.2,0.6,NA,1.2,0.6,NA,1.2,0.6,NA,0,0,NA
"431","P0051",23,NA,103.862731201516,1.30934540162583,1.2,0.6,NA,1.2,0.6,NA,1.2,0.6,NA,1.2,0.6,NA
"432","P0054",58,"Per min charging. Parking charge between 10.30pm & 7am is capped at $5",103.791310161381,1.27619959028688,1.2,0.6,NA,1.2,0.6,NA,1.2,0.6,NA,1.2,0.6,NA
"433","P0055",3,NA,103.859503083637,1.31100770685191,1.2,0.6,NA,1.2,0.6,NA,1.2,0.6,NA,1.2,0.6,NA
"434","P0072",5,NA,103.901076294172,1.30932204585241,1.2,0.6,NA,1.2,0.6,NA,1.2,0.6,NA,1.2,0.6,NA
"435","P0075",29,"Per min charging. Parking charge between 10.30pm & 7am is capped at $5",103.862764729425,1.30999418064659,1.2,0.6,NA,1.2,0.6,NA,1.2,0.6,NA,1.2,0.6,NA
"436","P0076",91,NA,103.751916765523,1.29922883191658,1.2,0.6,NA,1.2,0.6,NA,1.2,0.6,NA,0,0,NA
"437","P0077",15,NA,103.749903804513,1.30243111273832,1.2,0.6,NA,1.2,0.6,NA,1.2,0.6,NA,0,0,NA
"438","P0078",2,"Parking charge between 10.30pm & 7am is capped at $5.",103.757437613694,1.30561234503627,1.2,0.6,NA,1.2,0.6,NA,1.2,0.6,NA,1.2,0.6,NA
"439","P0081",104,NA,103.654681474931,1.30356467230773,1.2,0.6,NA,1.2,0.6,NA,1.2,0.6,NA,0,0,NA
"440","P0082",63,NA,103.66620151054,1.2949369071796,1.2,0.6,NA,1.2,0.6,NA,1.2,0.6,NA,0,0,NA
"441","P0083",18,NA,103.660758875137,1.30720574183921,1.2,0.6,NA,1.2,0.6,NA,1.2,0.6,NA,0,0,NA
"442","P0086",58,"Reserved for Season Ticket Holders from 7.00 pm to 7.00 am daily.",103.752316977089,1.3127780086927,1.2,0.6,NA,1.2,0.6,NA,1.2,0.6,NA,1.2,0.6,NA
"443","P0093",19,"Per min charging. Parking charge between 10.30pm & 7am is capped at $5",103.795660169403,1.27670437232829,1.2,0.6,NA,1.2,0.6,NA,1.2,0.6,NA,1.2,0.6,NA
"444","P0094",26,"Per min charging. Parking charge between 10.30pm & 7am is capped at $5",103.785602482503,1.27890220914307,1.2,0.6,NA,1.2,0.6,NA,1.2,0.6,NA,1.2,0.6,NA
"445","P0095",11,NA,103.732310761303,1.31267696658902,1.2,0.6,NA,1.2,0.6,NA,1.2,0.6,NA,0,0,NA
"446","P0096",19,"Per min charging. Parking charge between 10.30pm & 7am is capped at $5.60.",103.842125273915,1.29980874920748,2.4,1.2,NA,2.4,1.2,NA,2.4,1.2,NA,1.4,0.7,NA
"447","P0099",25,NA,103.6678874023,1.29621153539373,1.2,0.6,NA,1.2,0.6,NA,1.2,0.6,NA,0,0,NA
"448","P0106",48,"Per min charging. Parking charge between 10.30pm & 7am is capped at $5",103.768125043703,1.29159786910618,1.2,0.6,NA,1.2,0.6,NA,1.2,0.6,NA,1.2,0.6,NA
"449","P0109",26,"Per min charging. Parking charge between 10.30pm & 7am is capped at $5",103.943893071733,1.38459641540267,1.2,0.6,NA,1.2,0.6,NA,1.2,0.6,NA,1.2,0.6,NA
"450","P0111",32,NA,103.860865654724,1.30175965017528,1.2,0.6,NA,1.2,0.6,NA,1.2,0.6,NA,1.2,0.6,NA
"451","P0113",76,"Per min charging. Parking charge between 10.30pm & 7am is capped at $5",103.792474418216,1.27535748460991,1.2,0.6,NA,1.2,0.6,NA,1.2,0.6,NA,1.2,0.6,NA
"452","P0117",150,NA,103.845267251301,1.27747329804396,2.4,1.2,NA,2.4,1.2,NA,2.4,1.2,NA,1.2,0.6,NA
"453","Q0001",6,NA,103.853818021108,1.29994337075835,2.4,1.2,NA,2.4,1.2,NA,2.4,1.2,NA,1.2,0.6,NA
"454","Q0002",15,NA,103.85653933147,1.30314980472881,1.2,0.6,NA,1.2,0.6,NA,1.2,0.6,NA,1.2,0.6,NA
"455","Q0004",30,"Reserved for Season Ticket Holders from 10.00 pm to 8.30 am daily.",103.710423319587,1.3342725557709,1.2,0.6,NA,1.2,0.6,NA,1.2,0.6,NA,0,0,NA
"456","Q0006",91,NA,103.853363259266,1.29992268165979,2.8,1.4,NA,2.8,1.4,NA,2.8,1.4,NA,1.5,0.75,NA
"457","Q0008",66,"Per min charging. Parking charge between 10.30pm & 7am is capped at $5",103.802165124837,1.30467894097658,1.2,0.6,NA,1.2,0.6,NA,1.2,0.6,NA,1.2,0.6,NA
"458","R0001",6,NA,103.852866817713,1.30982793726347,1.2,0.6,NA,1.2,0.6,NA,1.2,0.6,NA,1.2,0.6,NA
"459","R0002",53,NA,103.856710474552,1.3147622858275,1.2,0.6,NA,1.2,0.6,NA,1.2,0.6,NA,1.2,0.6,NA
"460","R0003",75,NA,103.853152898211,1.31652615883352,1.2,0.6,NA,1.2,0.6,NA,1.2,0.6,NA,1.2,0.6,NA
"461","R0010",3,NA,103.841974465829,1.2942755310823,1.2,0.6,NA,1.2,0.6,NA,1.2,0.6,NA,1.2,0.6,NA
"462","R0011",39,NA,103.853597336696,1.31061006307387,1.2,0.6,NA,1.2,0.6,NA,1.2,0.6,NA,1.2,0.6,NA
"463","R0015",88,NA,103.85477347547,1.30865972569597,1.2,0.6,NA,1.2,0.6,NA,1.2,0.6,NA,0,0,NA
"464","R0028",19,NA,103.86698287554,1.32748722099748,1.2,0.6,NA,1.2,0.6,NA,1.2,0.6,NA,0,0,NA
"465","R0036",33,NA,103.851243129251,1.30885340879179,1.2,0.6,NA,1.2,0.6,NA,1.2,0.6,NA,1.2,0.6,NA
"466","R0037",21,NA,103.854196216493,1.3165411292595,1.2,0.6,NA,1.2,0.6,NA,1.2,0.6,NA,1.2,0.6,NA
"467","R0039",3,NA,103.853944628388,1.31652167576901,1.2,0.6,NA,1.2,0.6,NA,1.2,0.6,NA,1.2,0.6,NA
"468","S0001",46,NA,103.856800457788,1.3094292693103,1.2,0.6,NA,1.2,0.6,NA,1.2,0.6,NA,0,0,NA
"469","S0002",8,NA,103.854749734138,1.29600413098478,2.4,1.2,NA,2.4,1.2,NA,2.4,1.2,NA,1.2,0.6,NA
"470","S0005",42,NA,103.857371526704,1.31424686221907,1.2,0.6,NA,1.2,0.6,NA,1.2,0.6,NA,1.2,0.6,NA
"471","S0007",16,NA,103.853788541196,1.31366086514025,1.2,0.6,NA,1.2,0.6,NA,1.2,0.6,NA,1.2,0.6,NA
"472","S0009",18,NA,103.850847589108,1.30272809058041,2.4,1.2,NA,2.4,1.2,NA,2.4,1.2,NA,1.2,0.6,NA
"473","S0011",4,NA,103.848509154565,1.3017970125901,2.4,1.2,NA,2.4,1.2,NA,2.4,1.2,NA,1.2,0.6,NA
"474","S0015",20,NA,103.848118885892,1.28037435104589,2.4,1.2,NA,2.4,1.2,NA,2.4,1.2,NA,1.2,0.6,NA
"475","S0018",21,NA,103.860700541604,1.30159410531496,1.2,0.6,NA,1.2,0.6,NA,1.2,0.6,NA,1.2,0.6,NA
"476","S0020",18,"Per min charging. Parking charge between 10.30pm & 7am is capped at $5",103.828823185778,1.3722654677575,1.2,0.6,NA,1.2,0.6,NA,1.2,0.6,NA,1.2,0.6,NA
"477","S0021",44,NA,103.855860572881,1.30935040744014,1.2,0.6,NA,1.2,0.6,NA,1.2,0.6,NA,0,0,NA
"478","S0022",45,NA,103.858212844718,1.30726282746036,1.2,0.6,NA,1.2,0.6,NA,1.2,0.6,NA,1.2,0.6,NA
"479","S0023",16,NA,103.858837120449,1.31259238668568,1.2,0.6,NA,1.2,0.6,NA,1.2,0.6,NA,1.2,0.6,NA
"480","S0026",10,NA,103.796240567012,1.33118663046288,1.2,0.6,NA,1.2,0.6,NA,1.2,0.6,NA,1.2,0.6,NA
"481","S0027",4,NA,103.87033340685,1.3297681960043,1.2,0.6,NA,1.2,0.6,NA,1.2,0.6,NA,0,0,NA
"482","S0032",32,"Parking charge between 10.30pm & 7am is capped at $5.",103.838742489328,1.3043949671387,2.4,1.2,NA,2.4,1.2,NA,2.4,1.2,NA,1.2,0.6,NA
"483","S0033",42,"Parking charge between 10.30pm & 7am is capped at $5.",103.745348588916,1.37682373696752,1.2,0.6,NA,1.2,0.6,NA,1.2,0.6,NA,1.2,0.6,NA
"484","S0035",6,NA,103.852448646102,1.29914566311755,2.4,1.2,NA,2.4,1.2,NA,2.4,1.2,NA,1.2,0.6,NA
"485","S0039",10,NA,103.877471879502,1.31433262196385,1.2,0.6,NA,1.2,0.6,NA,1.2,0.6,NA,0,0,NA
"486","S0040",8,"Reserved for Season Ticket Holders from 10.00 pm to 8.30 am daily.",103.714086618597,1.33306544841139,1.2,0.6,NA,1.2,0.6,NA,1.2,0.6,NA,0,0,NA
"487","S0043",21,NA,103.79487744381,1.33103266131179,1.2,0.6,NA,1.2,0.6,NA,1.2,0.6,NA,0,0,NA
"488","S0045",19,NA,103.854190582752,1.3155884381481,1.2,0.6,NA,1.2,0.6,NA,1.2,0.6,NA,1.2,0.6,NA
"489","S0046",9,NA,103.85499360884,1.3149164259437,1.2,0.6,NA,1.2,0.6,NA,1.2,0.6,NA,1.2,0.6,NA
"490","S0047",11,NA,103.846793434435,1.32508873577737,1.2,0.6,NA,1.2,0.6,NA,1.2,0.6,NA,1.2,0.6,NA
"491","S0048",15,"Reserved for Season Ticket Holders from 10.00 pm to 8.30 am daily.",103.88462147423,1.33674909509502,1.2,0.6,NA,1.2,0.6,NA,1.2,0.6,NA,0,0,NA
"492","S0049",112,NA,103.858587571397,1.31488745771908,1.2,0.6,NA,1.2,0.6,NA,1.2,0.6,NA,1.2,0.6,NA
"493","S0050",12,NA,103.87195478123,1.32961024186126,1.2,0.6,NA,1.2,0.6,NA,1.2,0.6,NA,0,0,NA
"494","S0055",105,NA,103.866325878255,1.36279986669713,1.5,0.75,NA,1.5,0.75,NA,1.5,0.75,NA,1.5,0.75,NA
"495","S0061",3,NA,103.822548997706,1.44145556695632,1.2,0.6,NA,1.2,0.6,NA,1.2,0.6,NA,1.2,0.6,NA
"496","S0063",5,NA,103.864394116158,1.36442116885529,1.2,0.6,NA,1.2,0.6,NA,1.2,0.6,NA,0,0,NA
"497","S0064",84,NA,103.865454977657,1.36368962188077,1.2,0.6,NA,1.2,0.6,NA,1.2,0.6,NA,0,0,NA
"498","S0065",4,NA,103.86485284642,1.36528046890195,1.2,0.6,NA,1.2,0.6,NA,1.2,0.6,NA,0,0,NA
"499","S0066",13,NA,103.858437523021,1.31133728548691,1.2,0.6,NA,1.2,0.6,NA,1.2,0.6,NA,1.2,0.6,NA
"500","S0070",10,NA,103.885795857446,1.36177164439337,1.2,0.6,NA,1.2,0.6,NA,1.2,0.6,NA,1.2,0.6,NA
"501","S0074",30,"Parking charge between 10.30pm & 7am is capped at $5.",103.837444297596,1.35892888567588,1.2,0.6,NA,1.2,0.6,NA,1.2,0.6,NA,0,0,NA
"502","S0075",34,"Reserved for Season Ticket Holders from 10.00 pm to 7.00 am daily.",103.73786914772,1.33021996125876,1.2,0.6,NA,1.2,0.6,NA,1.2,0.6,NA,1.2,0.6,NA
"503","S0076",22,"Reserved for Season Ticket Holders from 10.00 pm to 8.30 am daily.",103.69162567184,1.32628989443377,1.2,0.6,NA,1.2,0.6,NA,1.2,0.6,NA,0,0,NA
"504","S0078",10,NA,103.879519613378,1.32708122093655,1.2,0.6,NA,1.2,0.6,NA,1.2,0.6,NA,0,0,NA
"505","S0079",17,NA,103.861888104584,1.31070131535486,1.2,0.6,NA,1.2,0.6,NA,1.2,0.6,NA,1.2,0.6,NA
"506","S0082",18,"Reserved for Season Ticket Holders from 10.00 pm to 8.30 am daily.",103.684090734788,1.32536899049334,1.2,0.6,NA,1.2,0.6,NA,1.2,0.6,NA,0,0,NA
"507","S0083",7,"Reserved for Season Ticket Holders from 10.00 pm to 8.30 am daily.",103.751046533087,1.40834478584538,1.2,0.6,NA,1.2,0.6,NA,1.2,0.6,NA,0,0,NA
"508","S0084",38,"Reserved for Season Ticket Holders from 10.00 pm to 8.30 am daily.",103.743130517554,1.41812938668535,1.2,0.6,NA,1.2,0.6,NA,1.2,0.6,NA,0,0,NA
"509","S0085",15,NA,103.743617469416,1.41174203307995,1.2,0.6,NA,1.2,0.6,NA,1.2,0.6,NA,0,0,NA
"510","S0086",59,"Reserved for Season Ticket Holders from 10.00 pm to 8.30 am daily.",103.749964405328,1.42403523934361,1.2,0.6,NA,1.2,0.6,NA,1.2,0.6,NA,0,0,NA
"511","S0088",20,"Reserved for Season Ticket Holders from 10.00 pm to 8.30 am daily.",103.747142620448,1.4166951784616,1.2,0.6,NA,1.2,0.6,NA,1.2,0.6,NA,0,0,NA
"512","S0091",24,NA,103.802447049263,1.46436981975164,1.2,0.6,NA,1.2,0.6,NA,1.2,0.6,NA,1.2,0.6,NA
"513","S0092",26,NA,103.802244499897,1.45526357969063,1.2,0.6,NA,1.2,0.6,NA,1.2,0.6,NA,0,0,NA
"514","S0094",30,NA,103.813117675051,1.46797010732079,1.2,0.6,NA,1.2,0.6,NA,1.2,0.6,NA,1.2,0.6,NA
"515","S0096",39,NA,103.806365764404,1.46473431463338,1.2,0.6,NA,1.2,0.6,NA,1.2,0.6,NA,1.2,0.6,NA
"516","S0097",24,NA,103.809208873542,1.46887085590576,1.2,0.6,NA,1.2,0.6,NA,1.2,0.6,NA,1.2,0.6,NA
"517","S0098",126,NA,103.886102026344,1.31571516681585,1.2,0.6,NA,1.2,0.6,NA,1.2,0.6,NA,0,0,NA
"518","S0102",10,"Parking charge between 10.30pm & 7am is capped at $5.",103.837036353969,1.27685473489846,2.4,1.2,NA,2.4,1.2,NA,2.4,1.2,NA,1.2,0.6,NA
"519","S0103",9,NA,103.826612312889,1.31617388579548,1.2,0.6,NA,1.2,0.6,NA,1.2,0.6,NA,0,0,NA
"520","S0105",56,"Reserved for Season Ticket Holders from 10.00 pm to 8.30 am daily.",103.749879303517,1.40689140375275,1.2,0.6,NA,1.2,0.6,NA,1.2,0.6,NA,0,0,NA
"521","S0106",34,"Per min charging. Parking charge between 10.30pm & 7am is capped at $5",103.836063177993,1.3566926857452,1.2,0.6,NA,1.2,0.6,NA,1.2,0.6,NA,1.2,0.6,NA
"522","S0108",29,"Per min charging. Parking charge between 10.30pm & 7am is capped at $5",103.850677985456,1.31860247469617,1.2,0.6,NA,1.2,0.6,NA,1.2,0.6,NA,1.2,0.6,NA
"523","S0109",0,NA,103.837892145987,1.35714025923614,1.2,0.6,NA,1.2,0.6,NA,1.2,0.6,NA,1.2,0.6,NA
"524","S0110",2,NA,103.898392138998,1.31443718734956,1.2,0.6,NA,1.2,0.6,NA,1.2,0.6,NA,1.2,0.6,NA
"525","S0112",403,"Per min charging. Parking charge between 10.30pm & 7am is capped at $5",103.817595982108,1.26803951732479,1.2,0.6,NA,1.2,0.6,NA,1.2,0.6,NA,1.2,0.6,NA
"526","S0115",11,NA,103.861631012776,1.31166582134036,1.2,0.6,NA,1.2,0.6,NA,1.2,0.6,NA,1.2,0.6,NA
"527","S0118",6,NA,103.862545443035,1.30959449476587,1.2,0.6,NA,1.2,0.6,NA,1.2,0.6,NA,1.2,0.6,NA
"528","S0119",10,NA,103.848614998144,1.31830818724693,1.2,0.6,NA,1.2,0.6,NA,1.2,0.6,NA,0,0,NA
"529","S0120",3,NA,103.859301912742,1.31090206741409,1.2,0.6,NA,1.2,0.6,NA,1.2,0.6,NA,1.2,0.6,NA
"530","S0127",12,NA,103.904576826571,1.30658509934317,1.2,0.6,NA,1.2,0.6,NA,1.2,0.6,NA,1.2,0.6,NA
"531","S0128",11,NA,103.919147524596,1.32371556165815,1.2,0.6,NA,1.2,0.6,NA,1.2,0.6,NA,0,0,NA
"532","S0130",6,NA,103.877715799741,1.32340656589271,1.2,0.6,NA,1.2,0.6,NA,1.2,0.6,NA,0,0,NA
"533","S0132",5,NA,103.860788130642,1.3033122814916,1.2,0.6,NA,1.2,0.6,NA,1.2,0.6,NA,1.2,0.6,NA
"534","S0134",8,NA,103.870023788552,1.34397009418819,1.2,0.6,NA,1.2,0.6,NA,1.2,0.6,NA,0,0,NA
"535","S0135",20,NA,103.898837241837,1.31798523472245,1.2,0.6,NA,1.2,0.6,NA,1.2,0.6,NA,0,0,NA
"536","S0136",21,NA,103.830749657006,1.29379322961699,1.2,0.6,NA,1.2,0.6,NA,1.2,0.6,NA,1.2,0.6,NA
"537","S0139",27,NA,103.775595938836,1.34345634514941,1.2,0.6,NA,1.2,0.6,NA,1.2,0.6,NA,1.2,0.6,NA
"538","S0141",14,NA,103.92654639992,1.31303981123294,1.2,0.6,NA,1.2,0.6,NA,1.2,0.6,NA,1.2,0.6,NA
"539","S0143",5,NA,103.890722360045,1.31443143851171,1.2,0.6,NA,1.2,0.6,NA,1.2,0.6,NA,0,0,NA
"540","S0146",36,"Reserved for Season Ticket Holders from 10.00 pm to 8.30 am daily.",103.711141894823,1.33402312792124,1.2,0.6,NA,1.2,0.6,NA,1.2,0.6,NA,0,0,NA
"541","S0148",9,"Reserved for Season Ticket Holders from 10.00 pm to 8.30 am daily.",103.745006642224,1.4096995332658,1.2,0.6,NA,1.2,0.6,NA,1.2,0.6,NA,0,0,NA
"542","S0149",9,NA,103.835609113519,1.35234518587322,1.2,0.6,NA,1.2,0.6,NA,1.2,0.6,NA,0,0,NA
"543","S0150",52,"Per min charging. Parking charge between 10.30pm & 7am is capped at $5",103.86058819582,1.30245456070165,1.2,0.6,NA,1.2,0.6,NA,1.2,0.6,NA,1.2,0.6,NA
"544","S0152",10,NA,103.872428214809,1.34584834525734,1.2,0.6,NA,1.2,0.6,NA,1.2,0.6,NA,0,0,NA
"545","S0156",35,"Parking charge between 10.30pm & 7am is capped at $5.",103.879396311842,1.31600367876439,1.2,0.6,NA,1.2,0.6,NA,1.2,0.6,NA,1.2,0.6,NA
"546","S0157",8,NA,103.911967263793,1.31973773735268,1.2,0.6,NA,1.2,0.6,NA,1.2,0.6,NA,0,0,NA
"547","S0158",23,NA,103.874037944312,1.32976891598857,1.2,0.6,NA,1.2,0.6,NA,1.2,0.6,NA,0,0,NA
"548","S0159",10,NA,103.842931685314,1.3270418015679,1.2,0.6,NA,1.2,0.6,NA,1.2,0.6,NA,1.2,0.6,NA
"549","S0160",17,"Parking charge between 10.30pm & 7am is capped at $5.",103.8311607821,1.36526789714743,1.2,0.6,NA,1.2,0.6,NA,1.2,0.6,NA,1.2,0.6,NA
"550","S0162",22,NA,103.916642898863,1.39322346473222,1.2,0.6,NA,1.2,0.6,NA,1.2,0.6,NA,1.2,0.6,NA
"551","S0164",31,NA,103.869759287658,1.41143864014929,1.2,0.6,NA,1.2,0.6,NA,1.2,0.6,NA,1.2,0.6,NA
"552","S0166",63,NA,103.833143421769,1.45369941078124,1.2,0.6,NA,1.2,0.6,NA,1.2,0.6,NA,1.2,0.6,NA
"553","S0167",29,NA,103.873054575139,1.3856507456768,1.2,0.6,NA,1.2,0.6,NA,1.2,0.6,NA,1.2,0.6,NA
"554","S0168",27,NA,103.875842968052,1.38322823068833,1.2,0.6,NA,1.2,0.6,NA,1.2,0.6,NA,1.2,0.6,NA
"555","S0170",5,NA,103.832497552139,1.45352788902701,1.2,0.6,NA,1.2,0.6,NA,1.2,0.6,NA,1.2,0.6,NA
"556","S0171",102,NA,103.835059149692,1.27568892192339,1.2,0.6,NA,1.2,0.6,NA,1.2,0.6,NA,1.2,0.6,NA
"557","S0172",6,NA,103.819763389257,1.39697555129632,1.2,0.6,NA,1.2,0.6,NA,1.2,0.6,NA,1.2,0.6,NA
"558","T0002",26,NA,103.843815828218,1.27837773176108,2.4,1.2,NA,2.4,1.2,NA,2.4,1.2,NA,1.2,0.6,NA
"559","T0003",18,NA,103.843567859126,1.29468345967146,1.2,0.6,NA,1.2,0.6,NA,1.2,0.6,NA,1.2,0.6,NA
"560","T0006",14,NA,103.841869397702,1.28031549825844,2.4,1.2,NA,2.4,1.2,NA,2.4,1.2,NA,1.2,0.6,NA
"561","T0008",49,NA,103.847932727611,1.28131706662344,2.4,1.2,NA,2.4,1.2,NA,2.4,1.2,NA,1.2,0.6,NA
"562","T0009",61,NA,103.844159210565,1.28287088115704,2.4,1.2,NA,2.4,1.2,NA,2.4,1.2,NA,1.2,0.6,NA
"563","T0010",14,NA,103.840675896467,1.27998753493762,2.4,1.2,NA,2.4,1.2,NA,2.4,1.2,NA,1.2,0.6,NA
"564","T0014",66,NA,103.844266988404,1.27754082150552,2.4,1.2,NA,2.4,1.2,NA,2.4,1.2,NA,1.2,0.6,NA
"565","T0017",20,"Per min charging. Parking charge between 10.30pm & 7am is capped at $5",103.824640898299,1.28693166500306,1.2,0.6,NA,1.2,0.6,NA,1.2,0.6,NA,1.2,0.6,NA
"566","T0019",11,NA,103.740759184328,1.30174951532976,1.2,0.6,NA,1.2,0.6,NA,1.2,0.6,NA,0,0,NA
"567","T0021",35,NA,103.860648639474,1.31204236634015,1.2,0.6,NA,1.2,0.6,NA,1.2,0.6,NA,1.2,0.6,NA
"568","T0022",18,NA,103.858345349621,1.30768617913009,1.2,0.6,NA,1.2,0.6,NA,1.2,0.6,NA,1.2,0.6,NA
"569","T0025",12,NA,103.869772666946,1.32872913039164,1.2,0.6,NA,1.2,0.6,NA,1.2,0.6,NA,0,0,NA
"570","T0031",15,NA,103.878136520106,1.31107156958076,1.2,0.6,NA,1.2,0.6,NA,1.2,0.6,NA,0,0,NA
"571","T0036",17,NA,103.929382621608,1.36745826114705,1.2,0.6,NA,1.2,0.6,NA,1.2,0.6,NA,1.2,0.6,NA
"572","T0039",36,NA,103.877008842485,1.32797384368521,1.2,0.6,NA,1.2,0.6,NA,1.2,0.6,NA,0,0,NA
"573","T0040",41,"Reserved for Season Ticket Holders from 10.00 pm to 8.30 am daily.",103.715690806461,1.33383176087441,1.2,0.6,NA,1.2,0.6,NA,1.2,0.6,NA,0,0,NA
"574","T0043",13,"Parking charge between 10.30pm & 7am is capped at $5.",103.763839318344,1.30868331853528,1.2,0.6,NA,1.2,0.6,NA,1.2,0.6,NA,1.2,0.6,NA
"575","T0057",40,NA,103.855866777648,1.31500627493082,1.2,0.6,NA,1.2,0.6,NA,1.2,0.6,NA,1.2,0.6,NA
"576","T0060",5,"Parking charge between 10.30pm & 7am is capped at $5.",103.748834498408,1.33377875666884,1.2,0.6,NA,1.2,0.6,NA,1.2,0.6,NA,1.2,0.6,NA
"577","T0061",30,"Reserved for Season Ticket Holders from 10.00 pm to 8.30 am daily.",103.689802143138,1.32625859273335,1.2,0.6,NA,1.2,0.6,NA,1.2,0.6,NA,0,0,NA
"578","T0062",8,"Parking charge between 10.30pm & 7am is capped at $5.",103.893237124454,1.33781765903913,1.2,0.6,NA,1.2,0.6,NA,1.2,0.6,NA,1.2,0.6,NA
"579","T0065",44,"Reserved for Season Ticket Holders from 10.00 pm to 7.00 am daily.",103.829323521077,1.38406531819522,1.2,0.6,NA,1.2,0.6,NA,1.2,0.6,NA,1.2,0.6,NA
"580","T0066",80,"Reserved for Season Ticket Holders from 10.00 pm to 7.00 am daily.",103.82731934179,1.38500153252278,1.2,0.6,NA,1.2,0.6,NA,1.2,0.6,NA,1.2,0.6,NA
"581","T0067",133,"Reserved for Season Ticket Holders from 10.00 pm to 7.00 am daily.",103.827111612913,1.38314800867019,1.2,0.6,NA,1.2,0.6,NA,1.2,0.6,NA,1.2,0.6,NA
"582","T0068",32,"Reserved for Season Ticket Holders from 10.00 pm to 7.00 am daily.",103.826656561609,1.38738230645774,1.2,0.6,NA,1.2,0.6,NA,1.2,0.6,NA,1.2,0.6,NA
"583","T0070",36,"Parking charge between 10.30pm & 7am is capped at $5.",103.79465820758,1.30471961211303,1.2,0.6,NA,1.2,0.6,NA,1.2,0.6,NA,1.2,0.6,NA
"584","T0074",16,NA,103.92850898447,1.3588612452504,1.2,0.6,NA,1.2,0.6,NA,1.2,0.6,NA,1.2,0.6,NA
"585","T0076",10,NA,103.659099851226,1.32078469526772,1.2,0.6,NA,1.2,0.6,NA,1.2,0.6,NA,0,0,NA
"586","T0077",38,NA,103.654831735804,1.32302562664167,1.2,0.6,NA,1.2,0.6,NA,1.2,0.6,NA,0,0,NA
"587","T0079",10,NA,103.653672561997,1.32037503550931,1.2,0.6,NA,1.2,0.6,NA,1.2,0.6,NA,0,0,NA
"588","T0080",32,NA,103.64434193513,1.33300888047886,1.2,0.6,NA,1.2,0.6,NA,1.2,0.6,NA,0,0,NA
"589","T0081",19,NA,103.642492706719,1.33030596627044,1.2,0.6,NA,1.2,0.6,NA,1.2,0.6,NA,0,0,NA
"590","T0082",10,NA,103.646067058423,1.32107759326914,1.2,0.6,NA,1.2,0.6,NA,1.2,0.6,NA,0,0,NA
"591","T0083",13,NA,103.643877907448,1.33295276978124,1.2,0.6,NA,1.2,0.6,NA,1.2,0.6,NA,0,0,NA
"592","T0084",16,NA,103.640613528895,1.32225494453516,1.2,0.6,NA,1.2,0.6,NA,1.2,0.6,NA,0,0,NA
"593","T0088",32,NA,103.637190599243,1.32266796696802,1.2,0.6,NA,1.2,0.6,NA,1.2,0.6,NA,0,0,NA
"594","T0090",11,NA,103.657639545853,1.32207781629398,1.2,0.6,NA,1.2,0.6,NA,1.2,0.6,NA,0,0,NA
"595","T0091",10,NA,103.656156686544,1.32374750662266,1.2,0.6,NA,1.2,0.6,NA,1.2,0.6,NA,0,0,NA
"596","T0094",15,NA,103.642299828697,1.32910844809953,1.2,0.6,NA,1.2,0.6,NA,1.2,0.6,NA,0,0,NA
"597","T0096",39,NA,103.639750696716,1.33407803596668,1.2,0.6,NA,1.2,0.6,NA,1.2,0.6,NA,0,0,NA
"598","T0102",29,NA,103.650784302165,1.30910874904026,1.2,0.6,NA,1.2,0.6,NA,1.2,0.6,NA,0,0,NA
"599","T0103",200,"Per min charging. Parking charge between 10.30pm & 7am is capped at $5",103.900812836777,1.3128601116288,1.2,0.6,NA,1.2,0.6,NA,1.2,0.6,NA,1.2,0.6,NA
"600","T0104",47,"Parking charge between 10.30pm & 7am is capped at $5.",103.890126884817,1.33796294630268,1.2,0.6,NA,1.2,0.6,NA,1.2,0.6,NA,1.2,0.6,NA
"601","T0107",0,"Parking charge between 10.30pm & 7am is capped at $5.",103.897125013329,1.36276659921699,1.2,0.6,NA,1.2,0.6,NA,1.2,0.6,NA,1.2,0.6,NA
"602","T0111",11,NA,103.638890613565,1.33620430727884,1.2,0.6,NA,1.2,0.6,NA,1.2,0.6,NA,0,0,NA
"603","T0113",9,NA,103.640674887439,1.33648698056537,1.2,0.6,NA,1.2,0.6,NA,1.2,0.6,NA,0,0,NA
"604","T0114",60,NA,103.903135764556,1.31006985828532,1.2,0.6,NA,1.2,0.6,NA,1.2,0.6,NA,1.2,0.6,NA
"605","T0115",22,NA,103.912017180795,1.30954123424507,1.2,0.6,NA,1.2,0.6,NA,1.2,0.6,NA,1.2,0.6,NA
"606","T0116",104,"Reserved for Season Ticket Holders from 7.00 pm to 7.00 am daily.",103.740268510657,1.32432506192489,1.2,0.6,NA,1.2,0.6,NA,1.2,0.6,NA,1.2,0.6,NA
"607","T0117",63,NA,103.628362369902,1.31781313464079,1.2,0.6,NA,1.2,0.6,NA,1.2,0.6,NA,0,0,NA
"608","T0123",25,NA,103.631300287624,1.30759680116437,1.2,0.6,NA,1.2,0.6,NA,1.2,0.6,NA,0,0,NA
"609","T0129",378,"Per min charging. Parking charge between 10.30pm & 7am is capped at $5",103.895229315674,1.31689018239295,1.2,0.6,NA,1.2,0.6,NA,1.2,0.6,NA,1.2,0.6,NA
"610","T0130",62,"Parking charge between 10.30pm & 7am is capped at $5.",103.841953753988,1.33528018836147,1.2,0.6,NA,1.2,0.6,NA,1.2,0.6,NA,1.2,0.6,NA
"611","T0140",123,"Per min charging. Parking charge between 10.30pm & 7am is capped at $5",103.896081097825,1.30683956128946,1.2,0.6,NA,1.2,0.6,NA,1.2,0.6,NA,1.2,0.6,NA
"612","T0141",33,"Per min charging. Parking charge between 10.30pm & 7am is capped at $5",103.896885428988,1.3039250916365,1.2,0.6,NA,1.2,0.6,NA,1.2,0.6,NA,1.2,0.6,NA
"613","T0142",5,NA,103.652973576639,1.31313114277478,1.2,0.6,NA,1.2,0.6,NA,1.2,0.6,NA,0,0,NA
"614","T0144",31,NA,103.840877372122,1.28062855725902,2.4,1.2,NA,2.4,1.2,NA,2.4,1.2,NA,1.2,0.6,NA
"615","T0145",10,NA,103.915673326879,1.39260769011062,1.2,0.6,NA,1.2,0.6,NA,1.2,0.6,NA,1.2,0.6,NA
"616","T0146",8,"Parking charge between 10.30pm & 7am is capped at $5.",103.889619849093,1.33583207548482,1.2,0.6,NA,1.2,0.6,NA,1.2,0.6,NA,1.2,0.6,NA
"617","U0002",22,NA,103.848155132011,1.28879365779827,2.4,1.2,NA,2.4,1.2,NA,2.4,1.2,NA,1.2,0.6,NA
"618","U0003",74,"Parking charge between 10.30pm & 7am is capped at $5.",103.893499684767,1.33159975363,1.2,0.6,NA,1.2,0.6,NA,1.2,0.6,NA,1.2,0.6,NA
"619","U0007",16,NA,103.852499601465,1.30637197012866,1.2,0.6,NA,1.2,0.6,NA,1.2,0.6,NA,0,0,NA
"620","U0008",59,NA,103.854158172449,1.30606690920816,1.2,0.6,NA,1.2,0.6,NA,1.2,0.6,NA,0,0,NA
"621","U0012",11,NA,103.880354445737,1.34676890684989,1.2,0.6,NA,1.2,0.6,NA,1.2,0.6,NA,1.2,0.6,NA
"622","U0013",26,"Parking charge between 10.30pm & 7am is capped at $5.",103.892260125485,1.32937743559611,1.2,0.6,NA,1.2,0.6,NA,1.2,0.6,NA,1.2,0.6,NA
"623","U0014",35,"Parking charge between 10.30pm & 7am is capped at $5.",103.895036326072,1.33341940075916,1.2,0.6,NA,1.2,0.6,NA,1.2,0.6,NA,1.2,0.6,NA
"624","U0016",16,"Parking charge between 10.30pm & 7am is capped at $5.",103.897771367544,1.33224894306832,1.2,0.6,NA,1.2,0.6,NA,1.2,0.6,NA,1.2,0.6,NA
"625","U0017",28,NA,103.846071178739,1.28547802605677,2.4,1.2,NA,2.4,1.2,NA,2.4,1.2,NA,1.2,0.6,NA
"626","U0021",10,"Parking charge between 10.30pm & 7am is capped at $5.",103.89588774323,1.33483770859063,1.2,0.6,NA,1.2,0.6,NA,1.2,0.6,NA,1.2,0.6,NA
"627","U0023",18,NA,103.841963399269,1.29211609236973,1.2,0.6,NA,1.2,0.6,NA,1.2,0.6,NA,1.2,0.6,NA
"628","U0029",6,NA,103.836483975884,1.35086939780551,1.2,0.6,NA,1.2,0.6,NA,1.2,0.6,NA,0,0,NA
"629","U0030",4,"Parking charge between 10.30pm & 7am is capped at $5.",103.89313069652,1.32498781292262,1.2,0.6,NA,1.2,0.6,NA,1.2,0.6,NA,1.2,0.6,NA
"630","U0031",13,NA,103.888187442798,1.36292086192644,1.2,0.6,NA,1.2,0.6,NA,1.2,0.6,NA,1.2,0.6,NA
"631","U0035",23,NA,103.8711385165,1.34505973836651,1.2,0.6,NA,1.2,0.6,NA,1.2,0.6,NA,0,0,NA
"632","U0036",127,"Per min charging. Parking charge between 10.30pm & 7am is capped at $5",103.926052884906,1.3122387155549,1.2,0.6,NA,1.2,0.6,NA,1.2,0.6,NA,1.2,0.6,NA
"633","U0037",10,"Parking charge between 10.30pm & 7am is capped at $5.",103.899947998866,1.33247959710568,1.2,0.6,NA,1.2,0.6,NA,1.2,0.6,NA,1.2,0.6,NA
"634","U0038",12,NA,103.835277521872,1.35007753939002,1.2,0.6,NA,1.2,0.6,NA,1.2,0.6,NA,1.2,0.6,NA
"635","U0039",17,"Parking charge between 10.30pm & 7am is capped at $5.",103.895941824755,1.32735901728174,1.2,0.6,NA,1.2,0.6,NA,1.2,0.6,NA,1.2,0.6,NA
"636","U0040",15,NA,103.882443030683,1.33445637134692,1.2,0.6,NA,1.2,0.6,NA,1.2,0.6,NA,0,0,NA
"637","U0042",48,"Per min charging. Parking charge between 10.30pm & 7am is capped at $5",103.946467745627,1.3321242011113,1.2,0.6,NA,1.2,0.6,NA,1.2,0.6,NA,1.2,0.6,NA
"638","U0043",38,NA,103.835965151725,1.35006021744685,1.2,0.6,NA,1.2,0.6,NA,1.2,0.6,NA,1.2,0.6,NA
"639","U0044",18,"Parking charge between 10.30pm & 7am is capped at $5.",103.896772113237,1.33207952661661,1.2,0.6,NA,1.2,0.6,NA,1.2,0.6,NA,1.2,0.6,NA
"640","U0045",15,"Parking charge between 10.30pm & 7am is capped at $5.",103.89327550644,1.33255290188225,1.2,0.6,NA,1.2,0.6,NA,1.2,0.6,NA,1.2,0.6,NA
"641","V0001",34,NA,103.854490765897,1.30733561974385,1.2,0.6,NA,1.2,0.6,NA,1.2,0.6,NA,0,0,NA
"642","V0005",7,NA,103.855927483222,1.3097455915829,1.2,0.6,NA,1.2,0.6,NA,1.2,0.6,NA,0,0,NA
"643","V0007",18,"Per min charging. Parking charge between 10.30pm & 7am is capped at $5",103.856128555728,1.31032422486819,1.2,0.6,NA,1.2,0.6,NA,1.2,0.6,NA,1.2,0.6,NA
"644","W0001",9,NA,103.844422741669,1.27689814111836,2.4,1.2,NA,2.4,1.2,NA,2.4,1.2,NA,1.2,0.6,NA
"645","W0002",18,NA,103.851636562962,1.29889066181888,2.4,1.2,NA,2.4,1.2,NA,2.4,1.2,NA,1.2,0.6,NA
"646","W0004",16,NA,103.847227677085,1.30318771416527,2.4,1.2,NA,2.4,1.2,NA,2.4,1.2,NA,1.2,0.6,NA
"647","W0005",10,NA,103.886219241975,1.3023222734877,1.2,0.6,NA,1.2,0.6,NA,1.2,0.6,NA,1.2,0.6,NA
"648","W0010",6,NA,103.881058707037,1.31110825866484,1.2,0.6,NA,1.2,0.6,NA,1.2,0.6,NA,0,0,NA
"649","W0021",37,NA,103.813668481682,1.27032004643094,1.2,0.6,NA,1.2,0.6,NA,1.2,0.6,NA,0,0,NA
"650","W0029",58,"Per min charging. Parking charge between 10.30pm & 7am is capped at $5",103.771426070544,1.28962280870744,1.2,0.6,NA,1.2,0.6,NA,1.2,0.6,NA,1.2,0.6,NA
"651","W0034",27,"Reserved for Season Ticket Holders from 10.00 pm to 8.30 am daily.",103.80492113059,1.45357897318865,1.2,0.6,NA,1.2,0.6,NA,1.2,0.6,NA,0,0,NA
"652","W0035",22,"Reserved for Season Ticket Holders from 10.00 pm to 8.30 am daily.",103.803834580714,1.45214655859333,1.2,0.6,NA,1.2,0.6,NA,1.2,0.6,NA,0,0,NA
"653","W0036",34,"Reserved for Season Ticket Holders from 10.00 pm to 8.30 am daily.",103.808022715683,1.45022603991412,1.2,0.6,NA,1.2,0.6,NA,1.2,0.6,NA,0,0,NA
"654","W0037",30,"Reserved for Season Ticket Holders from 10.00 pm to 8.30 am daily.",103.807880889317,1.44750232039291,1.2,0.6,NA,1.2,0.6,NA,1.2,0.6,NA,0,0,NA
"655","W0038",44,"Reserved for Season Ticket Holders from 10.00 pm to 8.30 am daily.",103.807733384203,1.45189541671483,1.2,0.6,NA,1.2,0.6,NA,1.2,0.6,NA,0,0,NA
"656","W0045",15,"Parking charge between 10.30pm & 7am is capped at $5.",103.796680418908,1.31189474074201,1.2,0.6,NA,1.2,0.6,NA,1.2,0.6,NA,0,0,NA
"657","W0046",20,"Reserved for Season Ticket Holders from 10.00 pm to 8.30 am daily.",103.796967195268,1.4542827796359,1.2,0.6,NA,1.2,0.6,NA,1.2,0.6,NA,0,0,NA
"658","W0047",72,"Reserved for Season Ticket Holders from 10.00 pm to 8.30 am daily.",103.796706468757,1.45353683471982,1.2,0.6,NA,1.2,0.6,NA,1.2,0.6,NA,0,0,NA
"659","W0048",45,"Reserved for Season Ticket Holders from 10.00 pm to 8.30 am daily.",103.800050077397,1.45303684885199,1.2,0.6,NA,1.2,0.6,NA,1.2,0.6,NA,0,0,NA
"660","W0049",33,"Reserved for Season Ticket Holders from 10.00 pm to 8.30 am daily.",103.798649879943,1.44991682518792,1.2,0.6,NA,1.2,0.6,NA,1.2,0.6,NA,0,0,NA
"661","W0051",10,"Reserved for Season Ticket Holders from 10.00 pm to 8.30 am daily.",103.799364544423,1.4494351603317,1.2,0.6,NA,1.2,0.6,NA,1.2,0.6,NA,0,0,NA
"662","W0055",42,NA,103.796196903698,1.31108020589794,1.2,0.6,NA,1.2,0.6,NA,1.2,0.6,NA,1.2,0.6,NA
"663","W0058",40,"Reserved for Season Ticket Holders from 7.00 pm to 7.00 am daily.",103.793325216882,1.45073399919281,1.2,0.6,NA,1.2,0.6,NA,1.2,0.6,NA,1.2,0.6,NA
"664","Y0002",13,NA,103.8418448123,1.27606957544927,2.4,1.2,NA,2.4,1.2,NA,2.4,1.2,NA,1.2,0.6,NA
"665","Y0013",70,"Reserved for Season Ticket Holders from 10.00 pm to 7.00 am daily.",103.833945939421,1.44353464789434,1.2,0.6,NA,1.2,0.6,NA,1.2,0.6,NA,1.2,0.6,NA
"666","Y0019",15,"Per min charging. Parking charge between 10.30pm & 7am is capped at $5",103.841429579398,1.27454891604156,2.4,1.2,NA,2.4,1.2,NA,2.4,1.2,NA,1.2,0.6,NA
"667","Z0001",12,NA,103.830760166882,1.29238546183852,1.2,0.6,NA,1.2,0.6,NA,1.2,0.6,NA,1.2,0.6,NA
"668","Z0003",26,NA,103.830474427622,1.2924784591779,1.2,0.6,NA,1.2,0.6,NA,1.2,0.6,NA,1.2,0.6,NA
"669","Z0004",8,NA,103.830401441949,1.29306354155355,1.2,0.6,NA,1.2,0.6,NA,1.2,0.6,NA,1.2,0.6,NA
