Carpark,5am_mon,6am_mon,7am_mon,8am_mon,9am_mon,10am_mon,11am_mon,12pm_mon,1pm_mon,2pm_mon,3pm_mon,4pm_mon,5pm_mon,6pm_mon,7pm_mon,8pm_mon,9pm_mon,10pm_mon,11pm_mon,12am_mon,5am_tue,6am_tue,7am_tue,8am_tue,9am_tue,10am_tue,11am_tue,12pm_tue,1pm_tue,2pm_tue,3pm_tue,4pm_tue,5pm_tue,6pm_tue,7pm_tue,8pm_tue,9pm_tue,10pm_tue,11pm_tue,12am_tue,5am_wed,6am_wed,7am_wed,8am_wed,9am_wed,10am_wed,11am_wed,12pm_wed,1pm_wed,2pm_wed,3pm_wed,4pm_wed,5pm_wed,6pm_wed,7pm_wed,8pm_wed,9pm_wed,10pm_wed,11pm_wed,12am_wed,5am_thu,6am_thu,7am_thu,8am_thu,9am_thu,10am_thu,11am_thu,12pm_thu,1pm_thu,2pm_thu,3pm_thu,4pm_thu,5pm_thu,6pm_thu,7pm_thu,8pm_thu,9pm_thu,10pm_thu,11pm_thu,12am_thu,5am_fri,6am_fri,7am_fri,8am_fri,9am_fri,10am_fri,11am_fri,12pm_fri,1pm_fri,2pm_fri,3pm_fri,4pm_fri,5pm_fri,6pm_fri,7pm_fri,8pm_fri,9pm_fri,10pm_fri,11pm_fri,12am_fri,5am_sat,6am_sat,7am_sat,8am_sat,9am_sat,10am_sat,11am_sat,12pm_sat,1pm_sat,2pm_sat,3pm_sat,4pm_sat,5pm_sat,6pm_sat,7pm_sat,8pm_sat,9pm_sat,10pm_sat,11pm_sat,12am_sat,5am_sun,6am_sun,7am_sun,8am_sun,9am_sun,10am_sun,11am_sun,12pm_sun,1pm_sun,2pm_sun,3pm_sun,4pm_sun,5pm_sun,6pm_sun,7pm_sun,8pm_sun,9pm_sun,10pm_sun,11pm_sun,12am_sun
[CapitaLand] Junction 8,289,288,281,266,252,195,145,33,12,37,62,102,88,40,75,111,229,264,274,275,290,285,276,264,246,207,154,63,21,52,88,111,98,52,83,127,208,264,277,278,289,284,273,262,240,219,162,94,28,67,116,122,108,60,96,142,188,265,279,280,278,271,254,229,183,146,119,73,52,67,76,104,110,103,144,177,230,267,279,282,292,287,270,263,239,226,162,83,15,18,16,59,72,110,51,8,38,252,273,281,292,288,271,271,248,231,169,91,27,45,67,83,82,66,21,21,152,238,241,252,292,288,271,271,248,231,169,91,27,45,63,83,82,66,21,21,152,238,261,269
[CapitaLand] CapitaSpring,354,355,350,343,337,326,330,322,307,317,328,334,343,330,332,334,341,341,341,341,353,352,341,326,294,259,255,250,250,256,250,249,257,251,255,256,259,247,250,257,352,350,334,308,250,192,180,179,197,198,170,164,173,175,177,175,173,149,159,169,344,330,318,303,280,253,257,248,252,256,253,255,259,256,253,254,257,254,259,265,353,354,351,349,339,326,315,299,326,310,311,322,331,342,344,329,327,345,345,343,355,354,353,353,348,330,321,308,301,336,341,342,338,329,22,293,313,239,242,268,355,354,353,353,348,330,321,308,301,336,337,342,338,329,22,293,313,239,342,349
[CapitaLand] Clarke Quay,210,212,209,206,204,196,190,172,143,158,174,177,169,132,127,123,153,155,178,181,210,211,190,181,150,119,106,86,71,78,86,99,94,73,67,80,109,133,148,150,211,210,171,158,101,44,24,2,0,0,0,25,17,12,8,36,64,107,119,120,199,193,163,155,133,106,96,87,84,82,79,94,90,85,92,103,121,143,154,155,204,212,203,202,195,165,123,120,144,113,103,125,143,165,145,60,37,22,43,10,205,212,207,207,201,174,131,128,107,129,150,169,167,145,23,82,91,240,245,232,205,212,207,207,201,174,131,128,107,129,148,169,167,145,23,82,91,240,87,48
[CapitaLand] Funan,390,390,390,386,383,334,281,148,100,96,92,99,142,171,209,248,345,368,380,388,391,390,384,376,348,297,248,162,111,117,112,135,179,208,248,280,338,363,374,382,392,390,378,367,313,259,214,175,120,142,133,169,212,250,289,310,332,356,367,375,386,378,353,331,288,235,205,146,116,137,145,174,212,251,285,312,353,369,378,384,391,392,390,390,363,313,231,159,109,58,26,19,47,30,74,35,42,299,344,364,391,392,395,395,370,317,238,167,90,57,59,55,127,140,24,122,238,241,245,279,391,392,395,395,370,317,238,167,90,57,92,55,127,140,24,122,238,241,359,375
[CapitaLand] Plaza Singapura,321,322,310,302,295,214,266,138,5,11,18,74,147,132,181,230,441,445,451,453,397,394,383,374,357,299,272,166,71,73,96,127,201,217,269,303,419,411,431,447,475,471,460,450,417,385,278,197,141,134,173,184,257,306,355,376,398,381,413,442,390,380,360,342,292,228,206,143,96,113,138,176,238,286,314,345,431,409,422,429,335,333,307,307,186,39,11,0,206,90,0*,9,24,47,36,10,62,327,330,332,335,334,311,311,193,44,16,6,11,8,10,12,88,114,25,69,294,242,244,266,335,334,311,311,193,44,16,6,11,8,48,12,88,114,25,69,294,242,318,319
[CapitaLand] Raffles City Shopping Centre,926,924,913,895,878,805,698,425,230,317,404,530,568,562,597,633,839,883,929,933,941,937,909,887,815,713,614,443,274,360,423,526,564,576,612,671,813,911,934,939,954,952,905,882,752,622,534,465,319,399,447,520,558,593,629,708,787,938,940,945,925,898,844,802,692,568,529,438,356,426,478,554,600,656,713,756,858,921,935,940,921,919,906,902,857,802,626,413,446,234,166,202,401,461,378,14,57,597,774,898,921,919,910,910,866,809,639,419,230,242,276,307,527,457,26,288,510,243,248,414,921,919,910,910,866,809,639,419,230,242,384,307,527,457,26,288,510,243,857,910
[CapitaLand] The Atrium@Orchard,96,96,96,95,94,84,82,61,48,35,23,54,57,55,56,57,75,84,94,95,75,72,73,70,66,55,52,39,36,31,19,35,38,39,39,42,55,57,64,73,53,48,47,48,37,27,23,18,22,24,17,17,20,21,22,28,35,28,39,48,73,70,65,64,56,48,47,32,33,32,27,35,41,44,46,52,59,62,67,77,95,94,96,89,44,25,6,0,5,0*,0*,3,0*,40,49,0*,11,82,87,93,96,96,96,96,49,30,10,0*,0*,0,3,0,27,41,27,40,64,244,248,207,96,96,96,96,49,30,10,0,0,0,0,0,27,41,27,40,64,244,93,94
[CapitaLand] Bedok Mall,253,253,243,221,199,135,52,0,0,2,7,21,21,0,24,51,182,221,243,246,253,250,242,228,204,162,74,23,0,17,35,44,44,45,71,102,183,234,243,248,252,249,241,234,210,186,98,46,2,34,66,68,68,91,119,152,185,246,247,251,244,235,213,178,144,107,57,25,18,26,40,51,64,95,125,150,203,241,244,251,249,251,245,241,205,175,58,11,1,0*,0*,33,56,25,17,1,0*,220,244,244,249,251,245,245,210,179,66,20,15,1,17,29,26,0*,28,3,83,245,247,246,249,251,245,245,210,179,66,20,15,1,13,29,26,0,28,3,83,245,229,236
[CapitaLand] Tampines Mall,626,622,616,586,556,429,293,30,7,8,9,58,55,22,68,115,418,555,610,609,617,614,600,583,544,458,345,201,169,184,162,206,202,211,255,296,467,569,600,599,606,603,589,576,532,488,398,370,332,358,317,353,350,396,443,480,517,580,590,591,603,589,553,502,429,362,289,191,180,189,181,224,232,294,359,398,509,579,599,603,615,611,595,591,545,512,359,173,21,0*,24,45,103,135,108,13,10,526,593,618,617,613,595,595,555,516,363,180,89,39,50,60,101,80,29,15,174,246,249,340,617,613,595,595,555,516,363,180,89,39,70,60,101,80,29,15,174,246,584,611
[CapitaLand] Bukit Panjang Plaza,313,312,308,294,280,247,197,163,135,143,152,155,185,151,175,199,274,305,314,314,312,310,308,300,282,257,216,182,156,169,182,183,210,206,231,245,285,300,308,313,312,309,308,304,287,271,238,206,175,195,208,209,239,263,287,292,298,292,302,310,308,302,290,272,251,223,200,184,163,186,190,195,221,234,253,267,298,302,310,310,312,312,311,309,283,304,219,184,137,127,157,190,205,205,170,109,132,297,307,314,312,314,313,313,289,309,223,190,176,193,204,215,222,185,30,143,251,247,250,263,312,314,313,313,289,309,223,190,176,193,207,215,222,185,30,143,251,247,314,310
[CapitaLand] Six Battery Road,168,168,165,164,164,162,159,152,149,149,149,151,153,151,150,150,157,157,157,157,117,114,165,162,147,127,112,115,115,110,105,113,118,115,115,112,116,111,113,115,64,61,167,160,127,94,69,76,78,73,62,78,80,79,79,77,76,64,73,74,131,129,153,145,134,126,115,109,112,115,111,114,117,113,116,115,118,111,121,124,156,173,173,169,164,161,156,160,166,160,154,150,157,162,158,148,150,157,159,159,159,174,174,174,170,165,167,168,169,169,171,170,170,167,31,160,160,248,253,227,159,174,174,174,170,165,167,168,169,169,169,170,170,167,31,160,160,248,168,168
[CapitaLand] Capital Tower,401,401,401,401,401,401,401,401,401,401,401,401,401,401,401,401,401,401,401,401,403,400,400,401,401,400,401,402,400,403,401,399,402,402,401,402,399,392,396,402,403,401,401,401,401,401,401,401,401,401,401,401,401,401,401,401,401,380,391,401,404,404,404,403,397,402,398,404,400,399,401,403,402,403,397,397,399,394,399,402,401,401,397,397,391,393,387,392,401,401,401,401,401,401,401,401,401,401,401,401,401,401,401,401,401,401,401,401,401,401,402,401,401,401,32,401,401,249,254,288,401,401,401,401,401,401,401,401,401,401,401,401,401,401,32,401,401,249,401,401
[CapitaLand] CapitaGreen,111,112,112,107,103,97,89,91,94,99,104,103,102,109,107,105,108,110,113,113,113,112,108,99,79,59,48,53,55,51,52,61,59,63,62,69,87,107,112,113,118,113,103,94,58,22,6,11,15,5,3,18,17,15,13,38,63,104,113,114,111,101,92,83,71,57,49,52,59,55,59,61,65,69,72,85,96,108,114,112,110,111,108,107,99,90,65,62,91,85,77,84,91,93,84,68,66,89,103,109,113,112,111,111,106,97,74,68,71,77,83,85,107,107,33,98,102,250,250,216,113,112,111,111,106,97,74,68,71,77,92,85,107,107,33,98,102,250,104,101
[CapitaLand] Westgate,558,558,558,540,522,435,327,50,0,21,27,56,95,41,85,129,410,511,558,558,561,558,563,534,496,418,313,136,85,111,130,149,188,182,225,271,436,529,554,558,563,558,567,528,466,405,303,225,170,200,233,240,279,323,367,414,462,545,550,558,554,538,517,460,375,308,243,137,103,135,149,171,215,267,324,365,478,535,558,560,556,557,555,552,517,452,264,105,35,0*,30,59,105,105,40,0*,5,473,543,546,558,558,557,557,523,460,274,113,42,53,52,51,104,35,34,1,225,251,255,329,558,558,557,557,523,460,274,113,42,53,78,51,104,35,34,1,225,251,549,553
[CapitaLand] IMM Building,1251,1252,1246,1191,1137,929,671,197,7,11,15,34,58,64,261,458,959,1177,1200,1202,1166,1167,1156,1119,1024,852,645,329,154,179,201,280,305,407,603,708,968,1087,1105,1108,1086,1085,1067,1048,912,776,618,458,301,343,390,527,551,748,945,961,978,995,1010,1011,1152,1120,1051,962,789,622,491,284,196,219,272,386,439,590,763,843,1012,1103,1119,1127,1277,1274,1264,1260,1198,1080,689,340,318,146,23,25,74,74,36,13,25,1042,1173,1176,1278,1274,1267,1267,1203,1088,699,346,63,32,48,62,134,131,35,46,442,252,253,508,1278,1274,1267,1267,1203,1088,699,346,63,32,83,62,134,131,35,46,442,252,1212,1210
[CapitaLand] Lot One Shoppers’ Mall,304,304,299,289,279,252,201,145,123,125,128,144,132,90,117,145,246,280,296,297,304,303,298,290,280,259,216,163,140,153,162,174,164,156,183,204,261,288,295,299,307,303,301,294,281,268,231,180,158,181,198,206,194,221,249,262,275,294,299,302,300,293,289,270,242,219,194,163,150,154,162,176,179,188,220,236,276,292,297,302,301,300,295,293,275,262,202,159,133,92,122,147,177,176,160,146,153,271,282,296,303,302,297,297,282,268,212,165,111,137,151,160,165,146,36,114,203,253,256,267,303,302,297,297,282,268,212,165,111,137,151,160,165,146,36,114,203,253,264,287
[CapitaLand] Bugis +,314,319,308,299,290,232,170,57,4,4,5,5,22,59,104,150,239,270,295,296,319,319,313,306,292,256,210,132,89,89,92,101,120,161,204,227,273,276,298,298,320,317,321,309,294,280,247,206,173,172,176,197,214,259,305,304,303,282,297,301,312,310,294,271,241,202,166,118,92,97,115,133,155,198,226,249,282,286,299,302,310,311,309,308,285,253,164,97,125,77,17,2,3,35,59,4,22,178,223,256,312,313,310,310,291,258,172,103,25,4,6,4,55,79,37,85,143,254,255,270,312,313,310,310,291,258,172,103,25,4,29,4,55,79,37,85,143,254,239,262
Resorts World Sentosa,2075,1958,1935,1923,1912,1825,1770,1753,1871,1874,1878,1949,1978,1841,1933,2026,2061,2056,2074,2080,2169,2111,2020,2037,1968,1856,1824,1794,1876,1873,1863,1936,1964,1943,2034,2099,2130,2152,2167,2170,2265,2263,2108,2156,2023,1890,1878,1833,1879,1875,1848,1924,1953,2045,2138,2168,2199,2248,2258,2260,2125,2060,1965,1966,1908,1864,1843,1816,1893,1905,1890,1968,2009,2004,2075,2120,2140,2151,2153,2153,1990,2016,1994,1987,1985,1937,1798,1758,1983,1981,1972,1938,1922,1970,2021,1843,1885,1969,1994,2042,1991,2017,1994,1994,1995,1946,1804,1765,1861,1771,1759,1745,1884,1694,38,1825,1959,255,258,690,1991,2017,1994,1994,1995,1946,1804,1765,1861,1771,1827,1745,1884,1694,38,1825,1959,255,2043,2066
Harbourfront Centre,937,937,876,862,848,787,732,623,406,380,354,428,485,551,631,712,911,984,1033,1034,1011,1014,948,915,829,720,640,562,428,420,416,487,544,620,699,779,919,1029,1058,1062,1090,1089,1021,968,811,654,544,501,450,458,482,548,605,685,766,846,927,1075,1079,1089,982,949,874,825,744,622,567,515,447,461,483,558,624,720,813,871,966,1026,1043,1046,920,894,848,842,781,753,662,568,594,530,491,464,483,493,473,337,336,775,877,902,920,894,849,849,791,760,666,577,437,335,350,366,364,352,39,296,556,256,258,423,920,894,849,849,791,760,666,577,437,335,349,366,364,352,39,296,556,256,887,911
Sentosa,1596,1592,1541,1434,1328,967,801,757,863,936,1009,1019,1018,1067,1256,1445,1554,1576,1587,1590,1594,1588,1559,1503,1435,1240,1135,1114,1163,1211,1233,1221,1219,1336,1529,1598,1624,1575,1588,1593,1589,1588,1576,1572,1542,1512,1469,1469,1464,1487,1460,1421,1420,1609,1798,1747,1697,1576,1589,1597,1562,1539,1450,1382,1328,1213,1161,1153,1180,1214,1269,1323,1346,1437,1543,1589,1612,1581,1591,1593,1614,1573,1530,1525,1393,1221,1079,972,1173,1215,1216,1187,1151,1063,927,898,1022,1411,1490,1565,1616,1575,1532,1532,1402,1230,1092,980,1051,1037,1035,1030,859,884,40,1076,1352,257,260,597,1616,1575,1532,1532,1402,1230,1092,980,1051,1037,948,1030,859,884,40,1076,1352,257,1529,1558
VivoCity P3,1284,1284,1265,1205,1145,888,534,52,44,30,0,74,95,123,239,355,851,1093,1214,1215,1285,1285,1234,1196,1068,838,525,168,20,15,1,35,58,128,245,274,490,585,618,608,1287,1285,1201,1187,990,793,513,283,0,0,0,0,21,137,253,189,126,79,25,0,1256,1211,1105,971,767,569,355,113,28,27,40,105,128,250,361,388,527,628,671,692,1290,1284,1266,1261,1163,1016,542,118,275,90,53,45,100,51,42,44,120,918,1139,1214,1290,1285,1266,1266,1173,1024,555,124,37,61,67,69,43,40,41,51,347,258,263,517,1290,1285,1266,1266,1173,1024,555,124,37,61,52,69,43,40,41,51,347,258,1113,1190
VivoCity P2,860,858,858,851,845,787,710,567,378,348,319,369,435,442,503,564,723,780,832,837,861,861,869,845,820,766,700,600,460,459,469,513,579,612,673,707,786,812,843,846,863,860,877,839,793,747,686,631,539,570,620,657,723,784,845,848,852,841,854,860,855,847,835,795,743,662,617,554,478,499,516,567,623,670,721,753,808,827,846,849,860,859,857,854,851,823,732,598,659,590,552,524,464,398,370,199,119,661,796,837,860,860,860,860,858,831,744,604,441,295,284,269,334,321,42,153,337,259,260,409,860,860,860,860,858,831,744,604,441,295,314,269,334,321,42,153,337,259,782,814
JCube,54,54,54,54,54,54,54,54,54,54,54,54,54,54,54,54,54,54,54,54,56,55,54,55,54,55,53,52,55,53,54,54,56,55,54,55,53,45,48,54,57,54,54,54,54,54,54,54,54,54,54,54,54,54,54,54,54,37,45,54,55,52,54,56,52,52,56,53,54,52,55,54,50,56,54,56,56,48,53,56,54,54,49,52,48,44,46,48,54,54,54,54,54,54,54,54,54,54,54,54,54,54,54,54,54,54,54,54,54,54,56,54,54,54,43,54,54,260,261,208,54,54,54,54,54,54,54,54,54,54,54,54,54,54,43,54,54,260,54,54
IMM Building,1256,1252,1245,1196,1148,960,704,239,7,11,15,29,44,71,239,408,959,1156,1202,1211,1172,1168,1154,1122,1030,867,661,362,155,171,122,131,146,244,412,492,767,845,877,885,1089,1085,1067,1048,912,777,618,486,301,328,233,236,251,419,588,580,573,537,551,558,1157,1121,1062,965,808,627,495,286,149,160,165,228,264,415,558,625,804,877,914,936,1278,1272,1263,1265,1204,1079,719,337,343,166,49,25,58,74,39,17,13,999,1173,1176,1278,1273,1267,1267,1212,1088,728,346,63,40,51,62,134,131,44,45,392,261,264,515,1278,1273,1267,1267,1212,1088,728,346,63,40,87,62,134,131,44,45,392,261,1212,1209
Westgate,558,558,558,539,521,452,346,74,0,7,16,42,96,64,87,110,394,499,552,567,557,559,550,536,496,432,323,150,77,104,204,271,324,322,345,407,599,741,777,790,559,558,546,531,472,414,303,227,159,201,396,503,557,580,603,705,807,986,1001,1011,553,536,514,467,380,317,249,169,143,176,241,296,353,416,475,530,667,751,761,761,558,558,557,551,516,467,266,117,35,0*,41,56,92,105,71,0*,0*,473,535,546,558,558,558,558,523,473,274,126,42,31,42,51,111,48,45,1,198,262,262,336,558,558,558,558,523,473,274,126,42,31,71,51,111,48,45,1,198,262,545,552
The Esplanade,759,759,755,753,752,737,733,728,724,717,711,701,675,629,598,567,603,715,752,756,758,757,750,742,725,698,695,690,683,677,652,669,641,603,573,647,751,977,1002,1005,760,758,743,735,699,663,659,648,643,638,589,635,609,578,547,724,901,1240,1248,1256,755,749,735,728,713,698,688,678,678,668,637,636,642,653,704,763,837,977,980,974,755,754,753,748,741,717,702,688,724,708,665,625,630,628,576,374,316,415,641,739,757,756,756,756,746,723,712,695,672,576,575,569,644,664,46,623,630,263,265,388,757,756,756,756,746,723,712,695,672,576,610,569,644,664,46,623,630,263,711,742
Raffles City,931,924,914,896,879,813,712,451,239,320,401,525,566,573,595,617,825,879,917,922,944,940,924,894,820,720,624,459,277,356,319,383,422,436,459,464,558,561,588,591,956,954,934,892,759,627,537,471,320,395,239,238,279,301,323,308,294,245,260,265,930,896,855,806,699,574,534,418,314,382,357,408,439,480,494,505,571,586,618,639,919,917,910,906,864,809,650,413,458,249,174,195,384,467,392,19,43,576,740,898,921,919,912,912,873,813,660,421,239,244,270,295,533,463,47,284,495,264,268,428,921,919,912,912,873,813,660,421,239,244,388,295,533,463,47,284,495,264,848,910
Millenia Singapore,1245,1243,1059,1004,950,881,852,715,608,654,700,775,800,825,886,947,1062,1093,1113,1123,1267,1264,1134,1075,931,777,739,650,581,606,666,704,729,771,833,861,913,919,931,939,1292,1289,1211,1150,913,676,630,584,553,561,631,634,659,720,781,774,767,748,751,753,1206,1156,1014,965,834,709,696,654,623,647,701,751,770,818,862,885,920,949,963,978,1234,1234,1216,1217,1172,1136,1037,861,768,594,553,619,738,793,761,441,412,902,1020,1188,1237,1234,1219,1219,1178,1143,1051,870,692,673,680,687,897,901,48,796,1007,265,265,509,1237,1234,1219,1219,1178,1143,1051,870,692,673,785,687,897,901,48,796,1007,265,1218,1228
Singapore Flyer,267,265,262,261,261,244,241,241,243,241,240,243,234,245,246,248,266,265,267,268,269,266,263,262,256,244,242,241,240,240,343,376,368,375,376,433,496,600,604,606,273,268,265,260,252,244,244,240,237,235,449,514,505,506,508,617,726,934,942,944,270,262,256,255,252,240,245,274,284,283,359,381,387,416,451,489,531,586,577,564,266,263,261,262,253,245,233,213,198,169,158,151,155,173,135,139,167,230,256,262,267,263,264,264,263,254,239,219,188,206,214,217,244,240,49,244,245,266,267,267,267,263,264,264,263,254,239,219,188,206,225,217,244,240,49,244,245,266,264,264
Marina Square,1859,1856,1829,1794,1759,1579,1413,1010,732,819,906,1032,1103,1095,1228,1361,1667,1775,1856,1863,1859,1855,1820,1749,1628,1431,1289,1043,843,883,940,1056,1128,1190,1325,1435,1636,1778,1817,1826,1859,1855,1809,1703,1493,1284,1168,1076,950,949,970,1081,1152,1285,1418,1510,1603,1780,1783,1788,1823,1777,1693,1598,1435,1236,1157,1008,910,966,1021,1145,1228,1338,1474,1561,1702,1795,1825,1827,1855,1855,1834,1832,1776,1662,1382,1027,1091,705,472,429,476,449,265,-62,67,1133,1420,1669,1858,1857,1837,1837,1786,1669,1395,1033,586,422,416,410,569,473,50,279,940,267,271,665,1858,1857,1837,1837,1786,1669,1395,1033,586,422,495,410,569,473,50,279,940,267,1695,1789
National Gallery,217,217,216,214,213,188,163,156,148,153,158,161,191,196,196,197,204,209,213,215,217,217,217,216,207,187,168,167,158,155,161,171,202,204,205,207,208,201,206,214,218,216,216,216,202,188,172,177,166,155,163,184,214,214,215,214,214,195,203,213,219,213,207,198,195,177,161,164,164,170,175,186,207,208,202,208,213,208,209,215,216,214,212,208,205,204,177,167,170,145,131,135,142,154,148,70,61,100,129,179,216,215,214,214,213,212,190,175,169,171,167,160,162,166,51,153,153,268,271,255,216,215,214,214,213,212,190,175,169,171,166,160,162,166,51,153,153,268,200,206
Suntec City,2857,2855,2845,2795,2745,2557,2298,1759,1244,1280,1317,1485,1622,1574,1823,2073,2563,2689,2762,2765,2854,2850,2656,2086,1986,1821,1595,1259,935,962,953,1106,1243,1345,1594,1898,2326,2740,2784,2788,2851,2848,2467,1378,1230,1083,890,758,622,642,592,730,867,1116,1366,1727,2088,2792,2802,2810,2595,2564,2378,1919,1745,1523,1387,1155,989,1055,1084,1269,1463,1674,1978,2195,2481,2765,2792,2797,2858,2854,2808,2804,2585,2047,1420,621,1471,839,447,267,99,2,153,1,134,2059,2726,2859,2861,2856,2810,2810,2593,2054,1432,629,192,75,103,127,128,55,52,35,857,269,274,917,2861,2856,2810,2810,2593,2054,1432,629,192,75,101,127,128,55,52,35,857,269,2437,2599
Concorde Hotel,276,276,276,273,270,264,256,228,209,209,209,213,211,220,231,242,257,256,255,252,277,274,272,271,265,258,252,236,223,221,221,225,222,233,245,243,244,228,231,229,277,276,273,270,261,253,246,245,233,235,236,239,237,248,259,246,234,196,209,210,274,273,269,263,257,246,243,233,224,223,223,229,229,235,239,239,240,231,234,238,277,273,268,261,238,206,149,80,190,143,123,122,163,233,193,144,128,200,211,213,277,275,268,268,243,211,155,87,82,85,84,78,157,179,53,184,220,270,275,271,277,275,268,268,243,211,155,87,82,85,121,78,157,179,53,184,220,270,243,228
Far East Plaza,496,496,495,490,486,456,395,277,180,157,134,147,207,230,286,342,436,461,479,484,495,496,487,488,471,443,373,262,161,159,140,167,227,268,322,366,427,459,475,480,498,496,480,486,458,430,351,247,144,163,146,190,250,306,362,390,418,460,471,474,491,486,472,448,403,349,300,221,168,183,182,224,278,325,367,402,443,469,481,482,496,495,492,490,483,467,382,309,193,76,39,57,24,47,47,121,192,435,455,474,496,496,494,494,490,471,393,318,209,156,157,155,240,245,54,293,431,271,274,327,496,496,494,494,490,471,393,318,209,156,198,155,240,245,54,293,431,271,489,490
Tang Plaza,403,403,399,394,390,370,334,259,198,193,188,251,270,298,302,306,351,370,397,399,403,403,389,387,360,329,297,246,203,201,194,241,257,273,277,296,336,373,390,397,402,399,381,379,334,290,260,233,211,212,200,227,246,250,254,288,323,380,384,393,398,391,371,354,326,290,267,229,215,221,219,251,270,292,314,330,355,379,395,396,402,400,395,396,387,368,322,275,209,159,131,127,173,197,239,214,198,288,319,381,403,402,400,400,392,373,335,281,201,159,163,161,250,259,55,237,279,272,274,305,403,402,400,400,392,373,335,281,201,159,204,161,250,259,55,237,279,272,357,398
Wheelock Place,258,258,257,254,251,228,183,96,30,27,25,67,103,127,162,197,240,254,258,258,257,259,256,248,224,189,141,85,46,53,52,83,121,148,185,208,233,251,251,256,258,257,253,245,197,149,99,75,63,82,79,103,139,174,209,220,231,244,246,253,259,249,234,215,178,139,109,74,61,75,84,119,149,181,204,221,242,248,254,255,256,255,255,247,247,235,163,106,61,11,7,20,26,76,38,9,25,210,240,252,258,256,255,255,253,239,176,115,65,43,39,36,92,58,56,36,127,273,275,269,258,256,255,255,253,239,176,115,65,43,67,36,92,58,56,36,127,273,247,250
Ngee Ann City,1132,1132,1129,1109,1089,892,636,317,97,132,168,321,439,550,635,720,992,1070,1102,1108,1129,1127,1114,1087,1030,880,665,450,311,333,373,486,606,705,789,853,1013,1090,1113,1114,1129,1126,1103,1070,969,869,697,582,530,534,583,654,772,857,942,987,1032,1109,1121,1122,1114,1098,1040,951,834,692,555,429,370,425,487,588,689,808,889,939,1048,1100,1114,1116,1129,1128,1113,1111,1077,1011,601,348,440,333,322,373,339,411,413,368,375,1061,1109,1119,1132,1129,1114,1114,1084,1017,605,356,187,144,167,188,355,326,57,330,657,274,274,488,1132,1129,1114,1114,1084,1017,605,356,187,144,249,188,355,326,57,330,657,274,1117,1118
Mandarin Hotel,89,-88,-87,-88,-89,-97,-102,-115,-129,-127,-124,-117,-99,-97,-99,-100,-80,-73,-69,-97,75,-15,-13,-18,-28,-37,-47,-59,-74,-72,-64,-56,-38,-40,-40,-35,-18,-8,-4,-19,62,61,57,51,36,21,6,-4,-18,-13,-4,5,23,21,20,30,40,57,58,61,42,-18,-26,-29,-38,-54,-55,-58,-70,-59,-53,-51,-37,-33,-29,-26,-18,7,9,-3,60,59,58,52,47,46,45,13,3,-40,-75,-74,-62,-28,-6,-46,-58,-18,4,34,60,60,60,60,57,51,49,21,-8,5,7,9,19,13,58,-21,-10,275,275,221,60,60,60,60,57,51,49,21,-8,5,12,9,19,13,58,-21,-10,275,27,48
Cineleisure,282,282,281,273,265,235,231,193,170,173,177,182,198,189,221,254,268,277,281,283,282,282,277,269,258,239,232,207,195,198,198,203,216,229,262,274,279,273,280,283,285,282,271,265,254,244,231,221,220,223,218,221,237,269,302,296,291,271,279,280,278,273,267,260,243,225,220,207,197,203,207,221,237,247,269,275,281,279,278,286,288,291,285,283,264,261,231,219,215,200,174,157,144,158,152,159,178,260,272,275,290,291,290,290,274,269,246,226,202,184,181,175,200,200,59,210,260,276,276,280,290,291,290,290,274,269,246,226,202,184,192,175,200,200,59,210,260,276,283,287
Centrepoint,357,357,356,339,322,275,226,123,12,29,46,63,90,102,156,211,298,318,335,336,358,357,350,331,307,267,214,135,64,85,107,123,152,185,237,267,315,313,331,335,361,356,345,322,292,263,199,150,119,140,166,187,214,268,323,325,328,308,323,333,350,338,323,291,252,198,169,123,87,106,134,162,192,227,263,290,323,320,333,339,356,354,345,345,318,287,175,92,45,26,32,49,68,87,86,32,57,295,314,325,357,356,348,348,328,291,189,100,14,24,38,48,92,84,60,90,221,277,281,297,357,356,348,348,328,291,189,100,14,24,58,48,92,84,60,90,221,277,336,339
313@Somerset,200,205,205,203,202,188,160,86,24,24,24,33,36,42,56,70,140,166,185,187,205,206,204,201,198,186,160,117,74,71,75,82,85,94,109,121,160,170,184,192,209,205,204,202,194,186,163,149,121,117,126,132,135,149,163,170,178,178,187,194,206,202,200,185,169,150,129,105,77,76,81,89,95,120,128,143,168,179,190,195,201,205,201,197,191,191,148,92,107,63,49,47,79,58,56,30,32,144,184,195,202,205,205,205,201,197,155,98,53,34,37,34,46,31,61,9,70,278,282,260,202,205,205,205,201,197,155,98,53,34,40,34,46,31,61,9,70,278,187,188
The Atrium@Orchard,96,96,96,95,94,87,83,65,47,35,23,52,56,52,54,56,76,79,90,91,74,72,71,71,65,58,55,42,37,30,102,118,122,122,123,124,136,129,138,144,53,48,48,48,38,29,25,18,24,25,182,184,188,190,192,192,192,184,190,193,71,72,68,68,58,50,44,60,66,65,111,119,122,124,129,131,137,129,134,135,96,96,94,91,46,21,6,0,0*,8,0*,0*,0*,40,46,7,7,75,87,93,96,96,96,96,56,31,10,3,0*,3,1,0,32,38,62,40,63,279,284,234,96,96,96,96,56,31,10,3,0,3,17,0,32,38,62,40,63,279,93,94
Orchard Gateway,250,250,249,246,244,212,184,115,45,46,48,76,98,117,141,165,211,231,247,248,250,251,256,242,237,217,197,140,84,83,72,125,147,170,194,226,270,318,324,326,253,250,265,242,233,224,207,166,121,122,99,179,201,225,249,288,327,402,404,406,250,245,243,229,203,172,160,117,96,107,106,146,174,205,238,259,290,316,323,317,249,245,246,240,234,222,192,135,138,84,70,53,52,62,47,9,18,168,200,207,250,247,247,247,239,229,206,144,61,29,29,29,58,60,63,48,116,280,284,272,250,247,247,247,239,229,206,144,61,29,43,29,58,60,63,48,116,280,217,222
Orchard Central,275,274,270,264,259,248,232,166,96,116,136,159,152,137,158,180,234,249,260,262,275,275,268,266,257,252,238,189,146,158,140,161,154,156,181,195,228,240,249,253,278,275,267,265,260,255,242,215,195,202,145,164,157,178,200,211,222,229,242,245,272,272,262,255,237,216,212,172,155,158,146,165,168,179,200,214,234,247,251,259,273,273,267,267,260,250,230,174,197,144,110,123,121,134,125,77,97,235,250,228,275,273,272,272,266,260,237,182,110,104,111,118,145,135,64,101,174,281,283,280,275,273,272,272,266,260,237,182,110,104,124,118,145,135,64,101,174,281,244,245
The Heeren,152,152,152,149,146,131,95,34,22,28,34,46,64,84,97,111,129,140,144,146,155,154,149,148,139,123,101,58,49,53,121,125,144,161,174,180,187,187,193,196,155,152,149,147,132,117,108,84,79,78,209,206,224,237,251,249,248,232,242,245,153,146,143,130,111,98,87,81,76,80,135,143,157,171,179,182,190,189,190,193,149,152,147,146,143,140,91,50,45,22,32,22,27,41,53,57,72,134,148,148,152,152,152,152,150,145,99,58,16,25,32,33,59,56,65,70,113,282,282,251,152,152,152,152,150,145,99,58,16,25,42,33,59,56,65,70,113,282,150,150
Wisma Atria,290,290,289,287,285,272,235,142,54,40,27,64,56,18,56,94,219,266,285,288,293,289,279,275,262,245,180,124,74,71,59,88,79,80,116,132,193,201,217,221,292,289,272,265,239,214,127,109,95,102,92,113,105,143,181,173,166,138,151,152,282,279,270,246,216,186,143,107,76,75,64,96,99,116,147,164,201,209,224,232,289,288,290,284,281,271,198,135,96,46,8,22,-4,-26,13,0*,14,220,269,282,290,290,290,290,287,275,209,141,41,-8,-2,-2,-50,0*,66,-11,87,283,284,284,290,290,290,290,287,275,209,141,41,-8,-29,-2,-50,0,66,-11,87,283,268,281
ION Orchard,464,467,465,456,447,404,317,144,12,16,21,15,51,48,74,100,302,390,443,447,466,465,462,455,437,397,318,197,94,81,109,118,152,165,190,220,336,406,430,435,470,466,463,457,424,392,318,247,174,151,199,220,256,282,308,337,367,420,421,426,462,455,442,407,356,298,239,168,98,105,131,140,172,221,261,288,372,421,434,441,471,468,464,462,442,406,259,100,115,25,14,44,34,7,17,8,9,341,433,453,472,469,467,467,452,416,263,107,2,18,15,9,66,5,67,9,149,284,289,331,472,469,467,467,452,416,263,107,2,18,42,9,66,5,67,9,149,284,442,458
Plaza Singapura,325,322,309,302,295,226,285,153,7,12,18,59,133,132,174,216,428,445,451,454,401,398,385,375,358,310,281,177,75,75,91,124,198,219,261,293,410,436,446,448,474,471,465,451,421,392,278,206,141,137,169,189,263,305,347,371,395,432,437,443,391,383,364,344,295,233,210,152,95,115,135,170,231,280,318,344,423,428,427,430,333,333,313,313,198,61,6,0,219,94,0*,1,24,47,11,10,50,324,331,331,335,334,317,317,204,66,16,6,8,8,12,12,78,121,68,64,274,285,285,298,335,334,317,317,204,66,16,6,8,8,43,12,78,121,68,64,274,285,317,319
Paragon,413,413,412,402,393,321,267,154,43,78,114,153,165,147,173,200,351,393,413,415,414,414,406,388,329,234,171,98,44,76,66,85,98,99,126,138,207,212,228,231,414,413,398,375,261,147,76,42,47,76,17,17,29,55,82,73,65,34,46,48,403,383,349,319,251,168,141,88,62,83,78,99,113,135,152,168,212,229,245,256,410,410,403,401,369,337,207,90,5,2,51,79,144,134,68,-1,31,367,404,410,413,412,405,405,378,342,219,96,40,96,101,107,116,92,69,34,203,286,286,318,413,412,405,405,378,342,219,96,40,96,106,107,116,92,69,34,203,286,410,412
Funan Mall,390,390,390,386,382,338,281,158,100,96,92,97,134,170,206,243,337,366,379,382,388,388,384,379,351,296,248,166,106,121,95,99,135,171,209,227,274,280,293,298,386,384,379,375,317,259,216,175,117,146,99,100,137,173,210,211,212,194,208,214,386,374,354,336,285,234,205,142,104,127,120,137,168,205,234,253,283,290,306,311,391,391,391,391,365,316,237,170,109,54,26,37,46,30,70,39,41,294,338,364,391,392,395,395,371,323,252,178,90,58,57,55,127,146,70,122,232,287,289,313,391,392,395,395,371,323,252,178,90,58,92,55,127,146,70,122,232,287,359,373
Bedok Mall,256,253,243,222,201,139,63,0,0,3,7,25,21,0,13,45,169,213,241,245,251,251,243,228,205,163,85,29,1,21,71,93,90,90,107,146,229,288,304,310,251,249,240,235,210,186,108,56,2,40,133,162,158,180,203,245,287,364,367,371,244,232,214,180,144,107,62,43,30,48,79,101,111,136,169,198,253,293,298,305,249,250,240,242,206,177,53,12,3,0*,0*,20,56,25,15,0*,4,207,241,242,249,251,245,245,214,185,66,20,16,0,12,22,26,0*,71,2,62,288,293,278,249,251,245,245,214,185,66,20,16,0,6,22,26,0,71,2,62,288,227,235
Junction 8,293,288,282,266,250,194,156,43,9,35,62,98,88,46,74,103,228,263,274,277,289,285,280,261,246,208,159,68,20,48,64,84,73,69,95,127,204,244,259,265,287,285,278,261,240,220,162,94,28,66,66,70,60,88,117,150,184,230,244,251,280,274,258,226,190,142,125,67,39,61,64,87,90,111,143,171,224,253,265,265,291,286,269,269,248,233,157,92,18,11,16,59,72,110,59,23,24,241,275,281,292,288,274,274,255,237,169,101,33,43,61,78,83,68,72,21,143,289,291,290,292,288,274,274,255,237,169,101,33,43,63,78,83,68,72,21,143,289,261,268
Tampines Mall,624,623,614,585,557,439,317,45,8,8,9,54,66,28,64,101,395,544,603,604,616,613,605,581,548,465,359,205,170,180,60,90,103,101,135,163,322,404,439,443,605,604,599,581,537,494,398,370,332,353,109,124,136,172,209,227,245,265,276,281,604,592,557,509,436,370,302,157,143,153,72,106,119,170,226,256,361,427,455,465,614,611,595,592,556,511,374,185,25,1,24,45,90,135,108,13,10,505,589,618,616,613,595,595,561,516,385,194,89,35,47,60,101,80,73,15,135,290,293,372,616,613,595,595,561,516,385,194,89,35,68,60,101,80,73,15,135,290,584,611
Lot One,307,303,299,291,283,250,205,155,123,125,128,146,132,93,121,149,246,275,295,299,307,304,302,294,281,258,220,167,147,151,163,175,160,154,184,202,257,278,293,300,307,303,301,296,282,268,237,180,168,179,198,202,188,216,244,258,273,281,296,302,301,292,288,268,244,222,197,166,157,157,160,176,175,189,215,233,276,285,297,302,302,302,297,292,271,258,201,158,132,92,120,145,173,176,164,138,151,271,282,296,303,303,299,299,281,268,213,165,116,137,149,155,176,143,74,115,197,291,292,295,303,303,299,299,281,268,213,165,116,137,156,155,176,143,74,115,197,291,262,284
Bugis+,318,315,309,301,294,243,178,60,3,4,5,4,26,59,101,143,234,262,286,290,319,317,312,307,293,264,214,136,88,85,88,99,122,160,201,223,267,279,293,293,318,317,315,309,295,281,253,210,176,171,176,196,218,260,302,301,301,296,300,301,314,308,296,275,240,205,175,117,92,99,111,133,156,196,227,243,281,287,295,297,309,312,309,303,287,253,160,101,128,80,27,1,16,35,55,3,18,169,220,254,312,313,310,310,293,259,174,107,30,7,6,3,58,77,75,82,137,292,297,298,312,313,310,310,293,259,174,107,30,7,32,3,58,77,75,82,137,292,239,262
The Star Vista,769,768,768,768,768,768,768,768,768,768,768,768,768,768,768,768,768,768,768,771,772,769,767,769,768,768,767,769,767,767,768,767,769,768,770,767,769,761,765,769,772,768,768,768,768,768,768,768,768,768,768,768,768,768,768,768,768,754,761,768,770,770,768,769,765,765,768,770,765,766,768,767,771,768,766,768,769,765,766,770,765,767,766,762,758,762,756,759,768,768,768,768,768,768,768,768,768,768,768,768,768,768,768,768,768,768,768,768,768,768,770,768,768,768,76,768,768,293,297,411,768,768,768,768,768,768,768,768,768,768,768,768,768,768,76,768,768,293,768,768
Clarke Quay,213,212,210,207,204,196,192,175,143,156,170,175,172,136,125,115,151,156,167,171,213,210,197,184,156,123,106,88,71,80,84,99,92,69,60,69,101,127,135,141,214,210,182,164,105,47,24,4,0*,0*,0*,20,17,6,-4,24,53,100,104,110,205,189,170,158,130,104,99,88,81,81,82,85,84,81,82,92,115,141,145,151,203,211,204,201,195,167,127,122,146,113,104,122,142,165,152,62,39,21,38,10,205,212,208,208,201,174,132,128,109,121,146,168,172,153,77,86,91,294,297,272,205,212,208,208,201,174,132,128,109,121,146,168,172,153,77,86,91,294,86,50
Bukit Panjang Plaza,316,314,309,296,284,248,207,161,135,142,149,156,185,159,178,197,275,302,314,318,316,313,309,299,284,257,224,185,155,166,179,186,214,212,230,244,285,297,310,315,314,311,309,303,285,267,238,207,175,191,208,215,244,263,282,289,296,295,307,310,310,305,292,273,253,227,201,183,164,182,187,200,225,234,252,265,294,304,311,317,309,314,313,306,278,304,221,184,137,127,146,186,198,194,169,116,123,294,307,314,312,314,314,314,286,309,231,190,175,202,209,213,215,181,78,138,240,295,299,299,312,314,314,314,286,309,231,190,175,202,208,213,215,181,78,138,240,295,314,311
